HoleID,Depth,O,Fe,Si,Al,K,C,Mg,Ca,Mn,S,H,P,Ti,Fe,Na,Cr,Unspecified,Quartz(Fe),Magnetite/Hm,Stilpnomelane,FeMnMg Carbonate Quartz Mix,Orthoclase,Chlorite,Ankerite,Siderite,Apatite,Pyrite,Albite,Carbonate Quartz Mix,Biotite,Rutile,Chromite,Calcite,Ilmenite,Muscovite,[Unclassified],The rest,Total,Fe,SiO2,Al2O3,TiO2,Mn,CaO,P,S,MgO,K2O,Zn,Pb,Cu,Cr,Ni,Co,Na2O,BaO,V2O5,Cl,Sn,Sr,Zr,LOI1000,Fe3O4,Quartz,Stilpnomelane,Hematite,Magnetite,Siderite,Feldspar (Microcline),Felspar (Orthoclase),Chlorite (Chamosite),,Ankerite,Albite,Calcite,Pyrite,Mica,,,,,,,,,,,,,,,,,,,,,,,,,,,,,,,,,,,,,,,,,,,,,,,,,,,,,,,,,,,,,,
NSD0037-1,179.835,38.19,34.11,15.62,0.66,0.66,2.09,0.81,1.64,0.59,0.05,0.04,0.74,0.01,0.15,0.04,0.01,4.58,23.1,33,7.31,25.5,2.52,0.08,0.09,0.25,3.09,0.07,0.41,0.05,0.14,0.05,0.04,0,0.01,0,4.29,0,100,39.15,31.88,1.84,0.08,0.59,0.92,0.26,0.05,1.87,1.2,0.003,-0.001,0.001,0.021,0.006,0.002,0.194,0.017,0.005,0.001,0.001,0.009,0.003,4.15,42.2,25.5,3.2,0.8,41.3,18.9,7.3,,0.5,,0.1,1.4,,,,,,,,,,,,,,,,,,,,,,,,,,,,,,,,,,,,,,,,,,,,,,,,,,,,,,,,,,,,,,,,,
NSD0037-2,180.455,37.62,31.38,18.91,0.65,0.6,0.97,0.52,0.61,0.27,0.01,0.05,0.25,0,0.05,0.04,0,8.07,33.76,36.67,7.32,9.03,2.55,0.23,0.12,0.1,1.38,0.01,0.5,0.14,0.1,0,0.01,0,0,0,8.07,0,100,25.2,46.59,0.72,0.03,1.07,1.8,0.15,0.02,2.66,0.36,0.003,0.001,0.002,0.004,0.004,0.006,0.121,0.006,-0.001,0.001,0.001,0.014,0.003,10.24,16.7,44.3,4.1,2.1,15.4,24.6,1,,1.6,,6.9,,,,,,,,,,,,,,,,,,,,,,,,,,,,,,,,,,,,,,,,,,,,,,,,,,,,,,,,,,,,,,,,,,
NSD0037-3,180.505,37.3,42.11,15.7,0.75,0.88,0.3,0.32,0.18,0.08,0.03,0.03,0.08,0,0.02,0.01,0.03,2.18,27.51,56.51,4.4,2.63,5.05,0.44,0.03,0.18,0.42,0.06,0.09,0.03,0.38,0,0.1,0,0,0,2.18,0,100,37.89,34.75,1.55,0.06,0.61,0.69,0.16,0.03,1.88,0.94,0.003,-0.001,0.001,0.019,0.007,0.002,0.141,0.013,0.002,0.001,0.001,0.008,0.003,4.45,39.4,28.3,4.9,0.5,40.1,15.8,6.4,,3.2,,0.9,,,,,,,,,,,,,,,,,,,,,,,,,,,,,,,,,,,,,,,,,,,,,,,,,,,,,,,,,,,,,,,,,,
NSD0037-4,180.645,36.22,41.16,14.9,0.96,1.22,0.26,0.27,0.11,0.07,0.01,0.02,0.04,0,0.01,0.01,0,4.73,24.85,56.22,2.52,2.42,7.89,0.54,0.01,0.07,0.24,0.01,0.14,0.03,0.32,0,0.01,0,0,0,4.73,0,100,42.36,31.86,2.13,0.07,0.37,0.15,0.03,0.01,1.28,1.55,0.003,-0.001,0.002,0.011,0.007,0.001,0.062,0.022,0.004,0.002,0.001,0.008,0.002,1.66,50.2,23,1.8,0.6,50.1,8.3,10.7,,5,,0.5,,,,,,,,,,,,,,,,,,,,,,,,,,,,,,,,,,,,,,,,,,,,,,,,,,,,,,,,,,,,,,,,,,
NSD0037-5,180.765,38.33,36.61,18.6,0.55,0.61,0.42,0.3,0.2,0.12,0.01,0.02,0.08,0,0.02,0.01,0,4.13,35.34,48.84,2.62,3.86,3.69,0.59,0.04,0.13,0.45,0.01,0.1,0.03,0.15,0,0.01,0,0,0,4.13,0,100,38.73,36.25,1.32,0.05,0.45,0.46,0.12,0.02,1.45,0.85,0.003,-0.001,0.003,0.01,0.005,0.002,0.072,0.012,0.002,0.001,0.002,0.009,0.003,2.77,42.8,31.6,1.7,1,47.3,10.7,5,,2.7,,0,,,,,,,,,,,,,,,,,,,,,,,,,,,,,,,,,,,,,,,,,,,,,,,,,,,,,,,,,,,,,,,,,,
NSD0037-6,181.1,38.51,29.22,20.69,0.37,0.31,0.92,0.47,0.74,0.24,0,0.04,0.14,0,0.03,0.01,0,8.31,40.04,35.33,5.45,6.41,0.94,0.36,2.04,0.07,0.77,0.01,0.1,0.13,0.04,0,0.01,0,0,0,8.31,0,100,32.1,44.32,1.09,0.05,0.55,0.66,0.14,0.01,1.87,0.59,0.002,-0.001,0.001,0.007,0.004,-0.001,0.078,0.007,0.001,-0.001,-0.001,0.009,0.003,4.31,33,41.3,2.7,1.3,34.4,13.8,3.5,,2.4,,0.7,,,,,,,,,,,,,,,,,,,,,,,,,,,,,,,,,,,,,,,,,,,,,,,,,,,,,,,,,,,,,,,,,,
NSD0037-7,181.735,33.4,47.12,9.98,0.47,0.31,0.78,0.58,0.05,0.22,0,0.05,0.02,0,0,0.01,0,6.98,16.58,60.37,6.21,7.4,0.77,1.18,0.07,0.13,0.09,0.01,0.13,0.01,0.07,0.01,0,0,0,0,6.98,0,100,33.86,35.55,1.78,0.08,0.62,2.5,0.63,0.2,2.14,0.93,0.004,0.003,0.003,0.031,0.007,0.001,0.206,0.016,0.003,0.001,-0.001,0.015,0.006,5.46,28.4,27.7,5.6,5.6,29.5,17.2,5.6,,2.8,,4.1,1.9,,,,,,,,,,,,,,,,,,,,,,,,,,,,,,,,,,,,,,,,,,,,,,,,,,,,,,,,,,,,,,,,,
NSD0037-8,181.755,39.8,25.48,21.02,1.32,1.43,0.32,0.42,3.4,0.08,0.1,0.05,1.51,0,0.31,0.09,0.01,4.66,34.63,31.58,7.24,2.36,8.4,0.68,0.46,0.07,8.17,0.19,1.1,0.18,0.23,0,0.04,0,0,0.01,4.66,0,100,35.39,33.48,2.32,0.1,0.58,2.06,0.61,0.21,2.3,1.16,0.004,0.003,0.004,0.031,0.009,0.001,0.232,0.019,0.003,0.001,0.001,0.013,0.005,4.9,33.2,24.6,5.9,2.7,35.3,16.3,7.5,,5.4,,0.5,1.8,,,,,,,,,,,,,,,,,,,,,,,,,,,,,,,,,,,,,,,,,,,,,,,,,,,,,,,,,,,,,,,,,
NSD0037-9,182.51,41.57,24.17,26.82,0.23,0.13,0.26,0.29,0.06,0.07,0,0.03,0,0,0,0,0,6.38,55.39,32.07,2.23,2.11,0.41,1.01,0.24,0.09,0.02,0.01,0.02,0.02,0.01,0,0,0,0,0,6.38,0,100,30.76,47.59,1.22,0.09,0.42,0.1,0.01,0.02,1.67,0.51,0.003,-0.001,0.002,0.007,0.005,0.004,0.046,0.008,0.003,0.001,0.002,0.009,0.003,3.59,30.4,44.9,1.1,2.6,32.7,10.7,2.6,,3.7,,0,1.8,,,,,,,,,,,,,,,,,,,,,,,,,,,,,,,,,,,,,,,,,,,,,,,,,,,,,,,,,,,,,,,,,
NSD0037-10,183.07,40.43,18.16,23.56,5.69,6.3,0.36,2.03,0.61,0.08,0,0.32,0,0.09,0.01,0.01,0,2.33,5.16,5.56,42,0,38.95,3.71,0.71,0.01,0.02,0,0.12,0,0.89,0.17,0,0,0,0,2.68,0,100,14.56,50.11,13.81,0.25,0.03,0.25,0.02,0,2.62,9.73,0.012,0.003,0.002,0.001,0.006,0.001,0.315,0.207,0.006,0.002,0.011,0.016,0.051,1.64,11.9,3.5,5.9,0,12.9,0,62.7,,11.6,,1.6,1.8,,,,,,,,,,,,,,,,,,,,,,,,,,,,,,,,,,,,,,,,,,,,,,,,,,,,,,,,,,,,,,,,,
NSD0037-11,183.13,40.23,18.27,24.85,5.69,5.99,0.01,2.15,0.03,0,0,0.37,0,0.1,0.01,0.01,0,2.28,5.72,2.16,54.94,0,30.1,3.82,0.1,0.01,0.02,0.01,0.17,0,0.47,0.16,0.02,0,0,0,2.28,0,100,7,72.6,6.32,0.07,0.04,0.68,0.04,0.75,2.6,4.1,0.011,0.003,0.004,0.005,0.006,0.005,0.256,0.062,0.004,0.002,0.005,0.011,0.015,2.47,1.55,46.6,13.4,0,0.8,0,25.5,,7.7,,4.7,0.4,,,,,,,,,,,,,,,,,,,,,,,,,,,,,,,,,,,,,,,,,,,,,,,,,,,,,,,,,,,,,,,,,
NSD0037-12,183.325,44.75,5.94,30.47,6.48,8.83,0.09,0.63,0.16,0.02,0.05,0.09,0,0.11,0,0,0.02,2.36,19.86,2.68,12.35,0,59.82,1.36,0.77,0.01,0.01,0.1,0.03,0.01,0.38,0.18,0.06,0,0.01,0,2.36,0,100,7.82,59.38,13.8,0.46,0.03,0.36,0.01,0.17,2.47,10.1,0.014,0.004,0.006,0.062,0.02,0.004,0.212,0.083,0.015,0.002,0.011,0.009,0.023,1.94,4.01,13.1,5.6,0,4.3,0,59.3,,14.1,,3.2,0.3,,,,,,,,,,,,,,,,,,,,,,,,,,,,,,,,,,,,,,,,,,,,,,,,,,,,,,,,,,,,,,,,,
NSD0037-13,183.64,45.89,4.63,31.4,5.33,6.84,0.43,1.12,0.69,0.1,0.15,0.11,0,0.15,0,0,0.04,3.12,31.66,1.61,6.89,0.13,47.01,5.06,3.45,0.04,0.01,0.29,0.04,0.06,0.23,0.24,0.13,0,0.01,0,3.12,0,100,6.46,62.55,12.35,0.55,0.06,0.97,0.01,0.34,2.31,9.02,0.012,0.005,0.008,0.088,0.029,0.006,0.124,0.055,0.019,0.001,0.011,0.01,0.013,2.58,2.78,22.5,2.3,0,2.4,0,53.5,,13.1,,5.8,0.3,,,,,,,,,,,,,,,,,,,,,,,,,,,,,,,,,,,,,,,,,,,,,,,,,,,,,,,,,,,,,,,,,
NSD0037-14,184.625,41.13,18.35,26.26,1.96,1.28,0.31,1.41,1.46,0.06,0.05,0.19,0.55,0.02,0.11,0.12,0.02,6.72,39.58,14.3,23.18,1.88,3.84,4.59,0.01,0.26,2.99,0.09,1.46,0.87,0.11,0.04,0.06,0,0,0,6.72,0,100,24.58,38.47,3.93,0.18,0.77,2.28,0.7,0.26,4.77,0.92,0.007,0.002,0.005,0.027,0.014,0.003,0.298,0.016,0.011,0.002,0.003,0.019,0.004,11.38,11,27.1,6.6,0.1,10.6,34.1,5,,14.5,,0,1.9,,,,,,,,,,,,,,,,,,,,,,,,,,,,,,,,,,,,,,,,,,,,,,,,,,,,,,,,,,,,,,,,,
NSD0037-15,184.885,33.37,38.57,12.68,0.67,0.41,1.2,0.74,0.01,0.34,0.01,0.07,0,0,0,0.07,0,11.85,19.5,43.93,11.15,11.31,0.41,0.62,0,0.32,0,0.02,0.82,0,0.04,0.01,0.01,0,0,0,11.85,0,100,39.05,27.56,1.32,0.09,0.62,1.82,0.53,0.04,2.87,0.31,0.003,-0.001,0.004,0.008,0.005,0.001,0.175,0.006,0.012,0.001,0.002,0.011,0.002,7.55,26.4,20.7,9.2,9.7,28,22.5,1.7,,4.1,,0,0.9,,,,,,,,,,,,,,,,,,,,,,,,,,,,,,,,,,,,,,,,,,,,,,,,,,,,,,,,,,,,,,,,,
NSD0037-16,185.045,35.88,37.39,15.14,0.52,0.17,0.92,0.84,0.01,0.25,0,0.06,0,0.01,0,0.03,0,8.79,28.42,46.59,3.15,8.25,0.45,3.26,0,0.67,0.01,0,0.35,0,0.04,0.02,0.01,0,0,0,8.79,0,100,38.34,34.77,2,0.07,0.49,0.06,0.01,0.01,2.3,0.46,0.003,-0.001,0.001,0.014,0.006,0.003,0.173,0.007,0.013,0.001,-0.001,0.006,0.002,4.21,40,29.9,2,0.2,42.2,13,2.5,,8.8,,0,1.3,,,,,,,,,,,,,,,,,,,,,,,,,,,,,,,,,,,,,,,,,,,,,,,,,,,,,,,,,,,,,,,,,
NSD0037-17,185.105,37.79,34.25,18.68,0.63,0.32,0.43,0.74,0.01,0.11,0,0.07,0,0.01,0,0.02,0,6.94,35.7,44.57,3.26,3.64,1.5,3.45,0,0.53,0.01,0.01,0.25,0,0.11,0.01,0.01,0,0,0,6.94,0,100,38.93,34.04,1.83,0.07,0.51,0.08,0.01,0.01,2.28,0.42,0.003,-0.001,0.001,0.013,0.006,0.002,0.152,0.007,0.013,0.001,-0.001,0.007,0.002,4.38,41.1,29.4,1.9,0.2,42.9,13.5,2.5,,8.5,,0,1.1,,,,,,,,,,,,,,,,,,,,,,,,,,,,,,,,,,,,,,,,,,,,,,,,,,,,,,,,,,,,,,,,,
NSD0037-18,186.15,40.2,22.91,24.23,3.58,2.94,0.06,2.08,0.02,0.01,0.06,0.32,0,0.09,0,0.1,0.03,3.36,21.71,13.82,41.28,0.41,11.5,5.84,0.03,0.12,0.01,0.11,1.2,0,0.34,0.15,0.11,0,0.02,0,3.36,0,100,19.38,51.23,7.17,0.29,0.26,0.07,0.01,0.16,4.72,2.7,0.01,0.002,0.004,0.049,0.021,0.004,0.827,0.037,0.013,0.001,0.004,0.013,0.007,4.52,47.7,23.9,17.4,0,10.1,8.7,15.8,,14.4,,0,6.7,,,,,,,,,,,,,,,,,,,,,,,,,,,,,,,,,,,,,,,,,,,,,,,,,,,,,,,,,,,,,,,,,
NSD0037-19,186.43,41.8,16.15,26.25,3.95,3.65,0.16,2.19,0.09,0.04,0.08,0.27,0.01,0.12,0.01,0.04,0.04,5.16,27.41,9.65,25.75,0.96,19.91,9.05,0.34,0.23,0.03,0.14,0.53,0.02,0.46,0.19,0.13,0,0.03,0,5.16,0,100,17.41,50.77,9.56,0.43,0.18,0.22,0.03,0.13,4.26,5,0.011,0.003,0.005,0.074,0.028,0.005,0.327,0.056,0.018,0.001,0.003,0.009,0.008,3.66,10.3,20.8,9.9,0,11,4.5,30.5,,19,,0.8,0.4,,,,,,,,,,,,,,,,,,,,,,,,,,,,,,,,,,,,,,,,,,,,,,,,,,,,,,,,,,,,,,,,,
NSD0037-20,188.135,40.24,18.17,25.81,2.61,2.03,0.35,1.59,0.2,0.08,0.04,0.22,0.06,0.05,0.02,0.15,0.02,8.37,33.97,12.19,25.93,2.68,8.44,4.91,0.01,0.53,0.31,0.08,1.87,0.2,0.35,0.08,0.07,0,0.01,0,8.37,0,100,20.16,50.91,7.14,0.32,0.24,0.15,0.04,0.16,3.88,3.18,0.008,0.002,0.005,0.055,0.02,0.003,0.526,0.05,0.013,0.001,0.004,0.012,0.01,3.99,13.1,26.4,11.4,0,13.9,8.1,19.5,,14.2,,0,4.4,,,,,,,,,,,,,,,,,,,,,,,,,,,,,,,,,,,,,,,,,,,,,,,,,,,,,,,,,,,,,,,,,
NSD0037-21,188.285,43.01,16.23,27.95,3.35,3.33,0.16,1.57,0.07,0.04,0.07,0.19,0,0.12,0,0.05,0.03,3.82,35.65,13.25,18.58,0.98,19.39,6.41,0.31,0.24,0.01,0.12,0.59,0.02,0.29,0.19,0.13,0,0.03,0,3.82,0,100,17.88,54.11,7.81,0.35,0.18,0.1,0.01,0.11,3.75,3.68,0.008,0.004,0.002,0.06,0.022,0.003,0.472,0.055,0.013,0.001,0.004,0.012,0.007,3.33,11.4,28.7,10,0,12.6,5.1,21.5,,17.1,,0.1,2.9,,,,,,,,,,,,,,,,,,,,,,,,,,,,,,,,,,,,,,,,,,,,,,,,,,,,,,,,,,,,,,,,,
NSD0037-22,189.77,35.83,38.35,14.11,0.56,0.35,1.44,0.77,0.29,0.41,0.02,0.05,0.13,0.01,0.03,0.06,0,7.6,24.01,44.14,6.78,13.63,0.92,1.09,0.01,0.28,0.69,0.03,0.67,0.04,0.09,0.01,0.01,0,0,0,7.6,0,100,36.18,31.57,2.59,0.13,0.67,0.84,0.23,0.05,3.07,1.15,0.003,-0.001,0.002,0.02,0.008,0.002,0.382,0.018,0.004,0.001,-0.001,0.009,0.003,6.45,27.8,21.5,6.1,6.7,28.2,23.4,6.3,,3.3,,0.1,3.4,,,,,,,,,,,,,,,,,,,,,,,,,,,,,,,,,,,,,,,,,,,,,,,,,,,,,,,,,,,,,,,,,
NSD0037-23,189.86,45.44,18.55,26.99,0.09,0.06,2.04,0.66,3.43,0.45,0,0.01,0.02,0,0,0,0,2.25,56.59,21.74,1.17,0.67,0.17,0.25,16.25,0.02,0.08,0,0.01,0.8,0,0,0,0,0,0,2.25,0,100,23.16,48.99,0.43,0.04,0.58,5.01,0.02,0.01,2.52,0.15,0.002,0.003,0.002,0.004,0.003,0.004,0.072,0.004,0.002,0.001,-0.001,0.02,0.004,9.28,20.8,47.5,1.9,1.6,18.2,8.4,0.4,,0.5,,21.4,0.2,,,,,,,,,,,,,,,,,,,,,,,,,,,,,,,,,,,,,,,,,,,,,,,,,,,,,,,,,,,,,,,,,
NSD0038-24,68.335,38.04,36.74,17.92,0.58,0.45,0.5,0.4,0.29,0.13,0.01,0.03,0.06,0,0.01,0.09,0,4.77,34.12,49.13,1.68,3.76,2.73,1.32,0.66,0.25,0.34,0.01,1.03,0.08,0.12,0,0.01,0,0,0,4.77,0,100,35.93,38.09,1.27,0.05,0.63,0.53,0.06,0.01,1.88,0.49,0.002,-0.001,0.004,0.008,0.004,0.003,0.193,0.01,0.001,0.001,0.001,0.008,0.002,4.79,32.6,38.5,0.2,5.5,34.1,13.9,1.8,,2.9,,1.7,1.2,,,,,,,,,,,,,,,,,,,,,,,,,,,,,,,,,,,,,,,,,,,,,,,,,,,,,,,,,,,,,,,,,
NSD0038-25,68.705,47.25,9.49,33.43,0.07,0.05,1.69,0.5,2.62,0.36,0,0.01,0.01,0,0,0,0,4.51,69.84,8.91,1.51,2.67,0.03,0.05,10.58,0,0.05,0,0,1.83,0,0,0,0.01,0,0,4.51,0,100,21.12,52.72,0.26,0.01,0.88,2.53,0.02,0,2.39,0.07,0.001,0.002,0.002,0.001,0.002,0.004,0.031,0.002,-0.001,0.001,-0.001,0.016,0.004,10.64,11.9,51,0.8,3,10.9,20.4,0,,0.7,,13.1,0,,,,,,,,,,,,,,,,,,,,,,,,,,,,,,,,,,,,,,,,,,,,,,,,,,,,,,,,,,,,,,,,,
NSD0038-26,68.735,39.55,32.8,19.29,0.17,0.09,1.25,0.51,1.21,0.31,0,0.02,0.07,0,0.01,0.01,0,4.7,39.19,41.49,1.51,6.27,0.29,0.75,4.76,0.1,0.38,0,0.11,0.45,0.01,0,0,0,0,0,4.7,0,100,21.95,53.37,0.29,0.02,0.6,3.35,0.05,0,2.01,0.07,0.002,0.001,0.001,0.002,0.003,0.004,0.014,-0.001,-0.001,-0.001,-0.001,0.018,0.003,8.21,17.3,53.4,0.6,3.3,16.3,9.8,0,,0.9,,15.7,0,,,,,,,,,,,,,,,,,,,,,,,,,,,,,,,,,,,,,,,,,,,,,,,,,,,,,,,,,,,,,,,,,
NSD0038-27,69.575,39.78,26.8,17.05,0.13,0.09,4.01,1.23,1.65,1.09,0,0.01,0.03,0,0.01,0.01,0,8.11,31.77,19.25,2.5,30.03,0.06,0.03,7.42,0.05,0.16,0,0.11,0.5,0,0,0,0,0,0,8.11,0,100,28.49,35.13,0.46,0.06,1.28,3.23,0.06,0.01,3.73,0.14,0.002,-0.001,0.002,0.003,0.004,0.003,0.063,0.003,-0.001,0.001,-0.001,0.016,0.001,14.78,14.3,33.4,3.1,5.6,13.2,29.9,0,,0.8,,13.9,0.1,,,,,,,,,,,,,,,,,,,,,,,,,,,,,,,,,,,,,,,,,,,,,,,,,,,,,,,,,,,,,,,,,
NSD0038-28,70.58,38.52,31.58,10.81,0.21,0.14,4.39,1.37,5.28,1.04,0,0.03,0.02,0,0,0,0,6.6,18.75,30.2,4.59,13.86,0.01,0.03,23.51,0.04,0.1,0,0.04,2.28,0,0,0,0,0,0,6.6,0,100,31.33,30.89,1.36,0.12,1.08,3.71,0.08,0.05,3.98,0.52,0.003,0.001,0.004,0.013,0.007,0.002,0.212,0.011,0.003,0.001,-0.001,0.019,0.003,13.15,17.6,25.4,3.7,7.2,17.8,24.3,1.6,,2.4,,16,1.7,,,,,,,,,,,,,,,,,,,,,,,,,,,,,,,,,,,,,,,,,,,,,,,,,,,,,,,,,,,,,,,,,
NSD0038-29,70.92,42.66,19.43,25.61,3.73,4.07,0.2,1.01,0.26,0.04,0.04,0.11,0,0.02,0.01,0.27,0.02,2.51,29.56,22.71,8.38,0.45,26.8,4.26,1.19,0.11,0,0.08,3.3,0.02,0.51,0.03,0.09,0,0,0,2.51,0,100,31.82,32.18,0.63,0.06,0.9,4.44,0.06,0.01,3.21,0.07,0.003,-0.001,0.001,0.003,0.004,0.002,0.059,0.002,0.003,0.001,-0.001,0.018,0.001,12.54,18.7,31.3,1.4,9.6,18.5,18.1,0,,1.1,,20,0,,,,,,,,,,,,,,,,,,,,,,,,,,,,,,,,,,,,,,,,,,,,,,,,,,,,,,,,,,,,,,,,,
NSD0038-30,70.845,38.03,34.51,17.18,0.38,0.11,1.39,0.81,0.5,0.38,0,0.04,0.04,0,0.01,0.04,0,6.58,33.3,41.51,1.93,10.92,0.37,2.38,1.88,0.29,0.21,0.01,0.44,0.16,0.02,0,0,0,0,0,6.58,0,100,18.47,53.41,8.62,0.24,0.09,0.6,0,0.14,2.16,5.72,0.006,0.004,0.003,0.061,0.021,0.004,0.305,0.109,0.005,0.001,0.008,0.012,0.006,1.6,19.4,27.5,2.1,0,22.2,1.2,33.3,,7.8,,3.2,1.8,,,,,,,,,,,,,,,,,,,,,,,,,,,,,,,,,,,,,,,,,,,,,,,,,,,,,,,,,,,,,,,,,
NSD0038-31,71.94,41.04,27.76,22.96,1.87,2.18,0.28,0.52,0.42,0.07,0.17,0.05,0.02,0,0.01,0.08,0.05,2.51,36.14,36.19,4.69,0.62,14.24,1.72,1.75,0.07,0.13,0.31,1.01,0.06,0.36,0.01,0.19,0,0,0,2.51,0.01,100,30.23,41.13,2.31,0.12,0.51,2.41,0.02,0.05,2.49,1.27,0.003,-0.001,0.002,0.027,0.01,0.003,0.174,0.026,0.004,0.001,0.003,0.014,0.004,6.28,24.5,32.7,4.4,6,24.8,12.8,6.8,,2.4,,8.5,1.5,,,,,,,,,,,,,,,,,,,,,,,,,,,,,,,,,,,,,,,,,,,,,,,,,,,,,,,,,,,,,,,,,
NSD0038-32,72.08,41.34,20.15,22.87,5.17,7.3,0.15,0.34,0.25,0.03,0.08,0.02,0,0.07,0.01,0.04,0.04,2.12,13.92,26.95,2.68,0.02,50.56,0.34,1.24,0.02,0,0.16,0.49,0.02,1.21,0.11,0.15,0,0,0,2.12,0,100,18.79,59.35,3.09,0.06,0.25,1.96,0.01,0.08,1.72,2.13,0.004,0.002,0.002,0.038,0.009,0.005,0.157,0.041,0.003,0.003,0.004,0.014,0.005,3.63,18.7,45.6,5.1,1,19.4,2.4,13.4,,1.6,,8.9,2.6,,,,,,,,,,,,,,,,,,,,,,,,,,,,,,,,,,,,,,,,,,,,,,,,,,,,,,,,,,,,,,,,,
NSD0038-33,73.67,38.38,34.83,17.45,0.56,0.3,0.98,0.75,0.96,0.26,0.01,0.05,0.31,0,0.06,0.04,0.01,5.04,33.06,43.52,2.52,7.56,1.55,2.65,1.25,0.42,1.67,0.02,0.48,0.17,0.07,0,0.03,0,0,0,5.04,0,100,33.91,37.27,1.28,0.07,0.62,2.11,0.33,0.01,2.44,0.23,0.003,-0.001,0.002,0.009,0.006,0.003,0.122,0.004,0.005,-0.001,-0.001,0.014,0.001,6.09,32.5,35.4,1.1,2.4,32.5,17.6,0.6,,6.7,,2.8,1,,,,,,,,,,,,,,,,,,,,,,,,,,,,,,,,,,,,,,,,,,,,,,,,,,,,,,,,,,,,,,,,,
NSD0038-34,74.11,38.17,38.19,16.81,0.5,0.45,0.82,0.41,0.65,0.22,0.05,0.02,0.23,0,0.05,0.07,0.01,3.34,31.68,49.4,1.95,6.94,2.68,0.76,0.66,0.25,1.25,0.09,0.78,0.07,0.09,0.01,0.05,0,0,0,3.34,0,100,38.76,32.46,1.36,0.11,0.69,0.37,0.04,0.01,2.57,0.24,0.003,0.001,0.002,0.008,0.007,0.003,0.14,0.003,0.007,0.002,0.002,0.008,0.003,6.08,36.5,29.5,0.8,2.7,36,22,1.3,,6.6,,0.3,0.8,,,,,,,,,,,,,,,,,,,,,,,,,,,,,,,,,,,,,,,,,,,,,,,,,,,,,,,,,,,,,,,,,
NSD0038-35,74.07,38.29,36.19,17.71,0.68,0.44,0.67,0.71,0.33,0.17,0.02,0.05,0.12,0,0.03,0.04,0.01,4.54,33.13,46.63,2.44,5.62,2.55,3,0.27,0.51,0.65,0.03,0.46,0.04,0.09,0,0.03,0,0,0,4.54,0,100,38.94,33.06,1.61,0.09,0.6,0.4,0.09,0.02,2.1,0.53,0.003,-0.001,0.001,0.019,0.008,0.002,0.29,0.012,0.007,0.001,-0.001,0.008,0.002,4.82,39,28.9,1.4,2.6,38.1,18.7,3.3,,4,,0.1,0.8,,,,,,,,,,,,,,,,,,,,,,,,,,,,,,,,,,,,,,,,,,,,,,,,,,,,,,,,,,,,,,,,,
NSD0038-36,74.5,38.72,25.64,12.64,0.92,0.73,4.83,1.8,4.05,1.34,0.03,0.07,1.54,0.02,0.32,0.08,0.01,7.26,14.39,7.71,11.1,42.38,2.65,0.76,3,0.72,8.36,0.05,0.98,0.46,0.07,0.04,0.04,0,0,0,7.26,0,100,23.38,38.9,6.21,0.2,0.71,1.47,0.33,0.5,3.76,3.56,0.008,0.002,0.004,0.047,0.016,0.004,0.853,0.059,0.007,0.002,0.004,0.016,0.005,9.67,14.3,14.1,5.2,0.6,13,31.5,17.2,4.9,2.4,,1,10.1,,,,,,,,,,,,,,,,,,,,,,,,,,,,,,,,,,,,,,,,,,,,,,,,,,,,,,,,,,,,,,,,,
NSD0038-37,74.553,40.92,19.89,24.29,4.53,4.93,0.07,0.92,0.09,0.01,0.18,0.14,0,0.2,0.01,0.43,0.04,3.35,18.63,19.25,19.37,0.26,30.23,1.68,0.23,0.12,0.01,0.34,5.19,0.01,0.84,0.34,0.16,0,0,0,3.35,0,100,20.53,45.42,8.28,0.36,0.39,0.43,0.04,0.4,3.58,5.03,0.011,0.002,0.003,0.075,0.026,0.004,0.552,0.09,0.008,0.002,0.004,0.009,0.007,5.71,15.3,16.8,5.4,0.1,14.7,17,25.3,7.6,6.7,,1.1,5.3,,,,,,,,,,,,,,,,,,,,,,,,,,,,,,,,,,,,,,,,,,,,,,,,,,,,,,,,,,,,,,,,,
NSD0038-38,74.865,37.54,40.54,15.49,0.29,0.18,0.51,0.39,1.62,0.11,0.03,0.04,0.4,0,0.08,0,0,2.78,30.28,54.51,4.64,0.75,0.23,0.77,3.42,0.05,2.17,0.05,0.01,0.32,0.02,0,0.01,0,0,0,2.78,0,100,28.26,41.54,5.47,0.21,0.22,0.76,0.06,0.76,3.32,2.17,0.008,0.001,0.004,0.048,0.022,0.003,0.64,0.041,0.01,0.002,0.003,0.01,0.005,3.81,21.8,22.9,6.1,5.3,22.4,8.6,8.3,6.4,10.2,,2.7,5.1,,,,,,,,,,,,,,,,,,,,,,,,,,,,,,,,,,,,,,,,,,,,,,,,,,,,,,,,,,,,,,,,,
NSD0038-39,76.23,38.91,36.04,18.94,0.87,0.88,0.49,0.36,0.05,0.13,0,0.03,0.01,0,0,0.1,0,3.18,34.04,47.69,2.42,4.42,5.56,0.84,0.09,0.23,0.05,0.01,1.25,0.01,0.21,0,0.01,0,0,0,3.18,0,100,36.96,39.25,1.75,0.08,0.38,0.2,0.02,0.02,1.53,1.01,0.003,0.002,0.002,0.014,0.009,0.003,0.122,0.018,0.003,0.002,0.001,0.008,0.003,2.41,40,34,0.6,2.3,42,9.6,6,,3.3,,0.2,0.8,,,,,,,,,,,,,,,,,,,,,,,,,,,,,,,,,,,,,,,,,,,,,,,,,,,,,,,,,,,,,,,,,
NSRD0797-1,,39.71,35.25,14.58,0.33,0.2,4.15,1.45,0.21,1.19,0,0.04,0.08,0.01,0.02,0,0,2.78,23.67,25.81,6.32,39.83,0,0.59,0.04,0.4,0.46,0.01,0,0.07,0,0.02,0.01,0,0,0,2.78,0,100,,,,,,,,,,,,,,,,,,,,,,,,,,,,,,,,,,,,,,,,,,,,,,,,,,,,,,,,,,,,,,,,,,,,,,,,,,,,,,,,,,,,,,,,,,,,,,,,,,,,,
NSRD0797-2,,39.55,35.33,15.99,0.23,0.13,2.96,1.04,0.76,0.82,0.01,0.03,0.03,0,0.01,0,0,3.11,29.15,34.31,4.28,25.03,0,0.52,2.84,0.12,0.18,0.01,0,0.45,0,0,0,0,0,0,3.11,0,100,,,,,,,,,,,,,,,,,,,,,,,,,,,,,,,,,,,,,,,,,,,,,,,,,,,,,,,,,,,,,,,,,,,,,,,,,,,,,,,,,,,,,,,,,,,,,,,,,,,,,
NSRD0797-3,,43.51,26.18,16.7,0.09,0.06,6.73,2,0.88,1.91,0,0.01,0.01,0,0,0,0,1.91,28.09,2.84,2.05,60.84,0,0.04,3.6,0.05,0.06,0,0,0.51,0,0,0,0,0,0,1.91,0,100,,,,,,,,,,,,,,,,,,,,,,,,,,,,,,,,,,,,,,,,,,,,,,,,,,,,,,,,,,,,,,,,,,,,,,,,,,,,,,,,,,,,,,,,,,,,,,,,,,,,,
NSRD0797-4,,39.66,33.21,15.21,0.5,0.15,3.83,1.7,0.18,1.08,0.01,0.07,0.08,0,0.02,0,0,4.31,25.38,24.7,4.75,36.24,0,3.21,0.01,0.92,0.41,0.02,0,0.04,0,0,0.01,0,0,0,4.31,0,100,,,,,,,,,,,,,,,,,,,,,,,,,,,,,,,,,,,,,,,,,,,,,,,,,,,,,,,,,,,,,,,,,,,,,,,,,,,,,,,,,,,,,,,,,,,,,,,,,,,,,
NSRD0797-5,,41.58,26.58,19.15,1.05,0.52,4.06,2.14,0.01,1.13,0.05,0.14,0,0.02,0,0,0.01,3.55,27.8,8.79,16.55,38.02,0,3.64,0.03,1.44,0.02,0.09,0,0.01,0,0.04,0.02,0,0.01,0,3.55,0,100,,,,,,,,,,,,,,,,,,,,,,,,,,,,,,,,,,,,,,,,,,,,,,,,,,,,,,,,,,,,,,,,,,,,,,,,,,,,,,,,,,,,,,,,,,,,,,,,,,,,,
NSRD0797-6,,38.71,24.71,19.9,2.67,1.13,0.61,2.96,1.48,0.11,0.16,0.37,0.61,0.23,0.13,0,0.02,6.18,20.9,14.51,36.14,3.85,0,12.15,0,1.58,3.33,0.31,0,0.52,0,0.34,0.09,0,0.1,0,6.18,0,100,,,,,,,,,,,,,,,,,,,,,,,,,,,,,,,,,,,,,,,,,,,,,,,,,,,,,,,,,,,,,,,,,,,,,,,,,,,,,,,,,,,,,,,,,,,,,,,,,,,,,
NSRD0797-7,,40.65,24.42,19.19,1.37,0.38,3.26,2.6,0,0.84,0.39,0.2,0,0.03,0,0,0.01,6.67,29.28,10.04,12.27,28.14,0,9.29,0,3.47,0.01,0.72,0,0,0,0.04,0.05,0,0.01,0,6.67,0,100,,,,,,,,,,,,,,,,,,,,,,,,,,,,,,,,,,,,,,,,,,,,,,,,,,,,,,,,,,,,,,,,,,,,,,,,,,,,,,,,,,,,,,,,,,,,,,,,,,,,,
NSRD0797-8,,40.22,24.6,20.31,3.9,1.23,0.16,4.8,0,0.03,0.12,0.55,0,0.26,0,0,0.03,3.78,17.01,13.18,39.45,0.94,0,24.15,0,0.66,0,0.22,0,0,0,0.38,0.12,0,0.11,0,3.78,0,100,,,,,,,,,,,,,,,,,,,,,,,,,,,,,,,,,,,,,,,,,,,,,,,,,,,,,,,,,,,,,,,,,,,,,,,,,,,,,,,,,,,,,,,,,,,,,,,,,,,,,
NSRD0797-9,,38.49,37.85,17.29,0.63,0.36,1.15,0.86,0.26,0.32,0.01,0.09,0.09,0.01,0.02,0,0,2.57,29.81,42.99,11.51,10.45,0,1.48,0.21,0.35,0.48,0.02,0,0.11,0,0.01,0.01,0,0,0,2.57,0,100,,,,,,,,,,,,,,,,,,,,,,,,,,,,,,,,,,,,,,,,,,,,,,,,,,,,,,,,,,,,,,,,,,,,,,,,,,,,,,,,,,,,,,,,,,,,,,,,,,,,,
NSRD0797-10,,41.58,21.22,20.17,4.87,1.28,0.29,6.43,0,0.07,0.13,0.69,0,0.28,0,0,0.03,2.95,12.85,5.5,40.81,2.48,0,34.21,0,0.29,0,0.24,0,0,0,0.4,0.13,0,0.13,0,2.95,0,100,,,,,,,,,,,,,,,,,,,,,,,,,,,,,,,,,,,,,,,,,,,,,,,,,,,,,,,,,,,,,,,,,,,,,,,,,,,,,,,,,,,,,,,,,,,,,,,,,,,,,
NSRD0797-11,,38.21,27.17,20.62,4.01,2.43,0.08,3.42,0.01,0.02,0.21,0.49,0,0.06,0,0,0.02,3.25,9.34,11.1,59.22,0.58,4.06,11.58,0.04,0.18,0,0.39,0,0,0.06,0.1,0.08,0,0.01,0,3.25,0,100,,,,,,,,,,,,,,,,,,,,,,,,,,,,,,,,,,,,,,,,,,,,,,,,,,,,,,,,,,,,,,,,,,,,,,,,,,,,,,,,,,,,,,,,,,,,,,,,,,,,,
NSRD0797-12,,36.4,22.45,14.36,2.05,1.47,3.11,2.19,3.33,0.67,0.01,0.23,1.41,0.01,0.29,0,0,12.02,10.34,2.49,28.36,22.3,4.03,4.64,0.15,6.88,7.67,0.01,0,0.85,0.23,0.01,0.01,0,0,0,12.02,0,100,,,,,,,,,,,,,,,,,,,,,,,,,,,,,,,,,,,,,,,,,,,,,,,,,,,,,,,,,,,,,,,,,,,,,,,,,,,,,,,,,,,,,,,,,,,,,,,,,,,,,
NSRD0797-13,,38.62,28.55,21.29,2.5,1.71,1.26,2.08,0.06,0.35,0.21,0.33,0.02,0.04,0,0,0.01,2.97,17.54,10.58,54.52,11.68,0,1.58,0.1,0.43,0.09,0.4,0,0.02,0,0.05,0.04,0,0.01,0,2.97,0,100,,,,,,,,,,,,,,,,,,,,,,,,,,,,,,,,,,,,,,,,,,,,,,,,,,,,,,,,,,,,,,,,,,,,,,,,,,,,,,,,,,,,,,,,,,,,,,,,,,,,,
NSRD0797-14,,39.06,32.72,19.05,1.31,1.12,0.74,0.95,1.23,0.2,0.01,0.12,0.53,0.07,0.11,0,0,2.77,28.63,35.68,16.37,6.64,4.32,1.96,0.04,0.23,2.87,0.02,0,0.27,0.05,0.1,0.02,0,0.03,0,2.77,0,100,,,,,,,,,,,,,,,,,,,,,,,,,,,,,,,,,,,,,,,,,,,,,,,,,,,,,,,,,,,,,,,,,,,,,,,,,,,,,,,,,,,,,,,,,,,,,,,,,,,,,
NSRD0797-15,,36.15,26.47,19.03,3.21,1.5,0.39,3.31,0.01,0.08,1.51,0.44,0,0.14,0,0,0.03,7.74,13.56,11.37,47.82,2.61,0.01,12.57,0.04,1.11,0,2.83,0,0,0,0.21,0.1,0,0.03,0,7.74,0,100,,,,,,,,,,,,,,,,,,,,,,,,,,,,,,,,,,,,,,,,,,,,,,,,,,,,,,,,,,,,,,,,,,,,,,,,,,,,,,,,,,,,,,,,,,,,,,,,,,,,,
NSRD0797-16,,40.57,27.57,21.76,2.06,1.68,1.41,1.66,0.06,0.4,0.03,0.2,0.02,0.04,0,0,0.01,2.53,27.24,20.02,26.81,13.28,5.98,3.44,0.06,0.29,0.12,0.06,0,0.02,0.05,0.06,0.02,0,0.01,0,2.53,0,100,,,,,,,,,,,,,,,,,,,,,,,,,,,,,,,,,,,,,,,,,,,,,,,,,,,,,,,,,,,,,,,,,,,,,,,,,,,,,,,,,,,,,,,,,,,,,,,,,,,,,
NSRD0798-1,,37.37,41.15,13.28,0.69,0.5,2.32,1.11,0.36,0.66,0.01,0.09,0.16,0.01,0.03,0,0,2.25,18.68,40.45,14.47,22.32,0.34,0.29,0,0.18,0.84,0.01,0,0.1,0.03,0.02,0.01,0,0,0,2.25,0,100,,,,,,,,,,,,,,,,,,,,,,,,,,,,,,,,,,,,,,,,,,,,,,,,,,,,,,,,,,,,,,,,,,,,,,,,,,,,,,,,,,,,,,,,,,,,,,,,,,,,,
NSRD0798-2,,48.17,11.31,33.13,0.2,0.15,2.71,0.89,0.99,0.73,0.11,0.03,0.01,0,0,0,0,1.57,65.99,1.56,4.69,21.41,0,0,3.65,0.01,0.06,0.2,0,0.85,0,0,0,0,0,0,1.57,0,100,,,,,,,,,,,,,,,,,,,,,,,,,,,,,,,,,,,,,,,,,,,,,,,,,,,,,,,,,,,,,,,,,,,,,,,,,,,,,,,,,,,,,,,,,,,,,,,,,,,,,
NSRD0798-3,,40.33,32.46,20.08,0.9,0.63,0.9,0.97,0.86,0.25,0,0.09,0.34,0.12,0.07,0,0,1.99,35.35,37.79,8.09,8.04,2.67,3.23,0.29,0.17,1.83,0.01,0,0.25,0.03,0.16,0.01,0,0.08,0,1.99,0,100,,,,,,,,,,,,,,,,,,,,,,,,,,,,,,,,,,,,,,,,,,,,,,,,,,,,,,,,,,,,,,,,,,,,,,,,,,,,,,,,,,,,,,,,,,,,,,,,,,,,,
NSRD0798-4,,40.14,33.76,19.04,0.51,0.38,1.97,0.91,0.31,0.56,0.01,0.06,0.13,0.01,0.03,0,0,2.18,33.54,33.75,9.5,18.9,0.54,0.49,0,0.2,0.72,0.01,0,0.07,0.06,0.02,0.01,0,0.01,0,2.18,0,100,,,,,,,,,,,,,,,,,,,,,,,,,,,,,,,,,,,,,,,,,,,,,,,,,,,,,,,,,,,,,,,,,,,,,,,,,,,,,,,,,,,,,,,,,,,,,,,,,,,,,
NSRD0798-5,,40.31,32.8,20.11,0.65,0.75,1.32,0.57,0.42,0.37,0.01,0.03,0.13,0.01,0.03,0,0,2.49,36.62,38.25,4.24,11.93,4.37,0.43,0.6,0.16,0.7,0.01,0,0.09,0.08,0.02,0.02,0,0,0,2.49,0,100,,,,,,,,,,,,,,,,,,,,,,,,,,,,,,,,,,,,,,,,,,,,,,,,,,,,,,,,,,,,,,,,,,,,,,,,,,,,,,,,,,,,,,,,,,,,,,,,,,,,,
NSRD0798-6,,39.08,36.71,15.22,0.36,0.35,1.85,0.69,2.79,0.42,0,0.03,0.07,0,0.01,0,0,2.42,28.76,45.9,4.39,3.23,1.48,0.24,12.28,0.02,0.36,0.01,0,0.87,0.04,0.01,0.01,0,0,0,2.42,0,100,,,,,,,,,,,,,,,,,,,,,,,,,,,,,,,,,,,,,,,,,,,,,,,,,,,,,,,,,,,,,,,,,,,,,,,,,,,,,,,,,,,,,,,,,,,,,,,,,,,,,
NSRD0798-7,,37.46,40.05,15.25,0.82,0.95,0.93,0.51,0.72,0.25,0.01,0.04,0.21,0,0.05,0,0.01,2.72,24.97,49.78,6.94,7.54,5.08,0.17,1.13,0.11,1.15,0.02,0,0.14,0.23,0,0.02,0,0,0,2.72,0,100,,,,,,,,,,,,,,,,,,,,,,,,,,,,,,,,,,,,,,,,,,,,,,,,,,,,,,,,,,,,,,,,,,,,,,,,,,,,,,,,,,,,,,,,,,,,,,,,,,,,,
NSRD0798-8,,30.05,30.16,5.62,0.72,0.35,5.82,1.91,0.02,1.22,2.74,0.1,0.01,0.06,0,0,0.01,21.22,1.51,1.76,11.2,40.88,0,2.55,0.02,15.55,0.05,5.13,0,0,0,0.09,0.04,0,0.01,0,21.22,0,100,,,,,,,,,,,,,,,,,,,,,,,,,,,,,,,,,,,,,,,,,,,,,,,,,,,,,,,,,,,,,,,,,,,,,,,,,,,,,,,,,,,,,,,,,,,,,,,,,,,,,
NSRD0798-9,,36.02,27.58,20.32,3.35,2.29,0.69,2.45,0.04,0.15,0.25,0.44,0,0.12,0,0,0.03,6.26,7.09,3.94,73.21,4.9,0,1.96,0.17,1.65,0.01,0.47,0,0,0,0.19,0.12,0,0.03,0,6.26,0,100,,,,,,,,,,,,,,,,,,,,,,,,,,,,,,,,,,,,,,,,,,,,,,,,,,,,,,,,,,,,,,,,,,,,,,,,,,,,,,,,,,,,,,,,,,,,,,,,,,,,,
NSRD0798-10,,35.51,26.18,15.28,1.77,1.15,3.35,2.16,0.69,0.86,0.51,0.24,0.26,0.08,0.05,0,0.02,11.91,11.23,3.06,36.83,28.67,0,1.89,0.21,3.31,1.38,0.95,0,0.33,0,0.12,0.09,0,0.02,0,11.91,0,100,,,,,,,,,,,,,,,,,,,,,,,,,,,,,,,,,,,,,,,,,,,,,,,,,,,,,,,,,,,,,,,,,,,,,,,,,,,,,,,,,,,,,,,,,,,,,,,,,,,,,
NSRD0798-11,,51.84,3.5,44.23,0,0,0.12,0.03,0.05,0.03,0,0,0,0,0,0,0,0.2,94.32,4.33,0.04,0.87,0,0,0.21,0,0,0,0,0.03,0,0,0,0,0,0,0.2,0,100,,,,,,,,,,,,,,,,,,,,,,,,,,,,,,,,,,,,,,,,,,,,,,,,,,,,,,,,,,,,,,,,,,,,,,,,,,,,,,,,,,,,,,,,,,,,,,,,,,,,,
NSRD0798-12,,49.15,8.4,23.68,0.11,0.08,5.5,1.66,9.63,1.2,0,0.01,0.05,0,0.01,0,0,0.52,48.59,0.41,2.58,0,0,0,44.96,0,0.25,0,0,2.69,0,0,0,0,0,0,0.52,0,100,,,,,,,,,,,,,,,,,,,,,,,,,,,,,,,,,,,,,,,,,,,,,,,,,,,,,,,,,,,,,,,,,,,,,,,,,,,,,,,,,,,,,,,,,,,,,,,,,,,,,
NSRD0798-13,,48.89,7.78,34.84,0.76,0.5,1.73,1.04,3.24,0.37,0.01,0.1,0.09,0.01,0.02,0,0,0.61,66.08,0.87,16.06,0.09,0,0.74,13.68,0.01,0.48,0.02,0,1.34,0,0.01,0.02,0,0,0,0.61,0,100,,,,,,,,,,,,,,,,,,,,,,,,,,,,,,,,,,,,,,,,,,,,,,,,,,,,,,,,,,,,,,,,,,,,,,,,,,,,,,,,,,,,,,,,,,,,,,,,,,,,,
NSRD0798-14,,41.04,35.38,22.17,0.12,0.07,0.2,0.16,0.39,0.04,0,0.02,0.02,0,0,0,0,0.37,46.15,49.08,2.26,0.03,0,0.26,1.61,0.01,0.13,0,0,0.09,0,0,0,0,0,0,0.37,0,100,,,,,,,,,,,,,,,,,,,,,,,,,,,,,,,,,,,,,,,,,,,,,,,,,,,,,,,,,,,,,,,,,,,,,,,,,,,,,,,,,,,,,,,,,,,,,,,,,,,,,
NSRD0798-15,,52.89,0.45,46.31,0,0,0.09,0.02,0.14,0.02,0,0,0,0,0,0,0,0.08,98.79,0.29,0.05,0.2,0,0,0.37,0,0,0,0,0.22,0,0,0,0,0,0,0.08,0,100,,,,,,,,,,,,,,,,,,,,,,,,,,,,,,,,,,,,,,,,,,,,,,,,,,,,,,,,,,,,,,,,,,,,,,,,,,,,,,,,,,,,,,,,,,,,,,,,,,,,,
NSRD0798-16,,44.51,22.82,28.25,0.48,0.34,1.42,0.71,0.19,0.4,0.01,0.06,0.04,0,0.01,0,0,0.74,53.64,20.65,11,13.12,0,0.01,0.52,0.04,0.2,0.02,0,0.05,0,0,0.01,0,0,0,0.74,0,100,,,,,,,,,,,,,,,,,,,,,,,,,,,,,,,,,,,,,,,,,,,,,,,,,,,,,,,,,,,,,,,,,,,,,,,,,,,,,,,,,,,,,,,,,,,,,,,,,,,,,
NSRD0798-17,,37.25,30.78,15.19,2.32,1.67,3.89,2.58,0.02,1.1,0.04,0.31,0,0.01,0,0,0.01,4.82,2.83,0.91,53.36,37.03,0,0.14,0.04,0.74,0.02,0.07,0,0.01,0,0.01,0.02,0,0,0,4.82,0,100,,,,,,,,,,,,,,,,,,,,,,,,,,,,,,,,,,,,,,,,,,,,,,,,,,,,,,,,,,,,,,,,,,,,,,,,,,,,,,,,,,,,,,,,,,,,,,,,,,,,,
NSRD0798-18,,34.57,25.05,18.35,3.13,1.96,1.21,2.58,0.01,0.17,0.12,0.42,0,0.1,0,0,0.03,12.32,7.14,1.18,62.51,5.55,0,4.63,0.02,6.14,0.02,0.22,0,0,0,0.15,0.1,0,0.02,0,12.32,0,100,,,,,,,,,,,,,,,,,,,,,,,,,,,,,,,,,,,,,,,,,,,,,,,,,,,,,,,,,,,,,,,,,,,,,,,,,,,,,,,,,,,,,,,,,,,,,,,,,,,,,
NSRD0798-19,,37.64,39.29,16.55,0.5,0.3,0.86,0.64,0.34,0.22,0.01,0.07,0.02,0,0,0,0,3.57,29.77,47.92,9.58,6.32,0,0.9,1.38,0.34,0.08,0.01,0,0.12,0,0,0.01,0,0,0,3.57,0,100,,,,,,,,,,,,,,,,,,,,,,,,,,,,,,,,,,,,,,,,,,,,,,,,,,,,,,,,,,,,,,,,,,,,,,,,,,,,,,,,,,,,,,,,,,,,,,,,,,,,,
NSRD0798-20,,36.76,26.06,20.13,3.1,2.2,1.38,2.38,0.73,0.35,0.05,0.41,0.11,0.07,0.02,0,0.03,6.22,7.94,0.9,70.21,9.88,0,0.62,2.15,0.91,0.62,0.09,0,0.23,0,0.11,0.1,0,0.02,0,6.22,0,100,,,,,,,,,,,,,,,,,,,,,,,,,,,,,,,,,,,,,,,,,,,,,,,,,,,,,,,,,,,,,,,,,,,,,,,,,,,,,,,,,,,,,,,,,,,,,,,,,,,,,
NSRD0798-21,,47.62,10.56,37.24,1.26,0.9,0.41,0.93,0.42,0.1,0,0.17,0,0.01,0,0,0,0.37,65.46,1.49,28.65,1.72,0,0.23,1.87,0.01,0.01,0.01,0,0.17,0,0.02,0,0,0,0,0.37,0,100,,,,,,,,,,,,,,,,,,,,,,,,,,,,,,,,,,,,,,,,,,,,,,,,,,,,,,,,,,,,,,,,,,,,,,,,,,,,,,,,,,,,,,,,,,,,,,,,,,,,,
NSRD0798-22,,37.65,25.7,22.01,3.58,2.32,0.55,2.8,0.45,0.13,0.55,0.48,0,0.09,0,0,0.03,3.66,9.93,1.96,74.04,2.33,0,4.09,2.29,0.37,0.01,1.03,0,0.01,0,0.15,0.12,0,0.01,0,3.66,0,100,,,,,,,,,,,,,,,,,,,,,,,,,,,,,,,,,,,,,,,,,,,,,,,,,,,,,,,,,,,,,,,,,,,,,,,,,,,,,,,,,,,,,,,,,,,,,,,,,,,,,
NSRD0798-23,,40.89,30.04,20.32,0.61,0.39,2.12,1.07,1.03,0.56,0.01,0.08,0.01,0,0,0,0,2.85,35.58,28.24,12.42,14.64,0,0.79,4.84,0.32,0.07,0.02,0,0.2,0,0,0.02,0,0,0,2.85,0,100,,,,,,,,,,,,,,,,,,,,,,,,,,,,,,,,,,,,,,,,,,,,,,,,,,,,,,,,,,,,,,,,,,,,,,,,,,,,,,,,,,,,,,,,,,,,,,,,,,,,,
NSRD0798-24,,38.87,34.93,15.43,1.18,0.84,3.51,1.78,0.03,1.01,0.01,0.16,0.01,0,0,0,0,2.24,16.39,20.12,26.83,33.88,0,0.23,0.02,0.19,0.05,0.02,0,0.03,0,0,0.01,0,0,0,2.24,0,100,,,,,,,,,,,,,,,,,,,,,,,,,,,,,,,,,,,,,,,,,,,,,,,,,,,,,,,,,,,,,,,,,,,,,,,,,,,,,,,,,,,,,,,,,,,,,,,,,,,,,
NSRD0798-25,,37.97,26.21,19.79,2.38,1.65,1.94,2.17,0.97,0.52,0.14,0.32,0.03,0.05,0.01,0,0.01,5.85,15.2,6.32,52.65,13.22,0,1.13,4.58,0.45,0.17,0.26,0,0.05,0,0.08,0.04,0,0.01,0,5.85,0,100,,,,,,,,,,,,,,,,,,,,,,,,,,,,,,,,,,,,,,,,,,,,,,,,,,,,,,,,,,,,,,,,,,,,,,,,,,,,,,,,,,,,,,,,,,,,,,,,,,,,,
NSRD0798-26,,38.92,34.88,17.61,0.94,0.64,1.78,1.16,0.81,0.48,0.01,0.12,0.03,0,0.01,0,0,2.59,26.17,33.12,20.43,12.97,0,0.61,3.53,0.17,0.19,0.02,0,0.18,0,0,0.01,0,0,0,2.59,0,100,,,,,,,,,,,,,,,,,,,,,,,,,,,,,,,,,,,,,,,,,,,,,,,,,,,,,,,,,,,,,,,,,,,,,,,,,,,,,,,,,,,,,,,,,,,,,,,,,,,,,
NSRD0798-27,,52.61,0.13,44.96,0,0,0.41,0,1.36,0,0,0,0,0,0,0,0,0.51,95.98,0.01,0.06,0.01,0,0,0.06,0,0,0,0,0.01,0,0,0,3.37,0,0,0.51,0,100,,,,,,,,,,,,,,,,,,,,,,,,,,,,,,,,,,,,,,,,,,,,,,,,,,,,,,,,,,,,,,,,,,,,,,,,,,,,,,,,,,,,,,,,,,,,,,,,,,,,,
NSRD0799-1,,40.82,31.5,21.68,0.62,0.55,0.85,0.59,0.35,0.23,0.02,0.04,0.03,0,0.01,0.02,0.01,2.69,41.48,39.5,2.84,6.35,3.2,1.72,1.4,0.22,0.14,0.04,0.21,0.08,0.09,0.01,0.03,0,0,0,2.69,0,100,,,,,,,,,,,,,,,,,,,,,,,,,,,,,,,,,,,,,,,,,,,,,,,,,,,,,,,,,,,,,,,,,,,,,,,,,,,,,,,,,,,,,,,,,,,,,,,,,,,,,
NSRD0799-2,,40.43,32.89,21.15,0.39,0.17,0.85,0.67,0.02,0.24,0.01,0.04,0.01,0,0,0.01,0,3.11,42.08,41.27,1.76,8.08,0.8,2.45,0.01,0.18,0.04,0.01,0.14,0.01,0.03,0,0.01,0,0,0,3.11,0,100,,,,,,,,,,,,,,,,,,,,,,,,,,,,,,,,,,,,,,,,,,,,,,,,,,,,,,,,,,,,,,,,,,,,,,,,,,,,,,,,,,,,,,,,,,,,,,,,,,,,,
NSRD0799-3,,43.73,10.35,27.53,6,8.34,0.49,0.57,0,0.12,0.09,0.06,0,0.15,0.01,0,0.06,2.49,17.36,8.71,6.75,4,57.43,1.13,0,0.78,0,0.17,0.01,0,0.68,0.25,0.21,0,0.02,0,2.49,0,100,,,,,,,,,,,,,,,,,,,,,,,,,,,,,,,,,,,,,,,,,,,,,,,,,,,,,,,,,,,,,,,,,,,,,,,,,,,,,,,,,,,,,,,,,,,,,,,,,,,,,
NSRD0799-5,,36.04,40.11,14.38,0.31,0.31,1.14,0.45,0.13,0.33,0,0.02,0.06,0,0.01,0.02,0,6.7,27.13,50.31,2.16,10.99,1.67,0.34,0,0.08,0.3,0,0.22,0.03,0.06,0,0,0,0,0,6.7,0,100,,,,,,,,,,,,,,,,,,,,,,,,,,,,,,,,,,,,,,,,,,,,,,,,,,,,,,,,,,,,,,,,,,,,,,,,,,,,,,,,,,,,,,,,,,,,,,,,,,,,,
NSRD0799-6,,39.56,33.54,21.33,0.2,0.22,0.39,0.16,0.17,0.11,0,0.01,0.05,0,0.01,0.01,0,4.23,43.54,45.3,1.45,3.48,1.24,0.09,0.11,0.02,0.27,0.01,0.09,0.14,0.03,0,0.01,0,0,0,4.23,0,100,,,,,,,,,,,,,,,,,,,,,,,,,,,,,,,,,,,,,,,,,,,,,,,,,,,,,,,,,,,,,,,,,,,,,,,,,,,,,,,,,,,,,,,,,,,,,,,,,,,,,
NSRD0799-7,,38.44,36.13,18.03,0.25,0.18,0.98,0.47,0.41,0.27,0.02,0.02,0.07,0,0.01,0,0,4.71,35.82,45.91,1.92,8.04,0.82,0.91,1.05,0.14,0.38,0.03,0.04,0.18,0.04,0,0.01,0,0,0,4.71,0,100,,,,,,,,,,,,,,,,,,,,,,,,,,,,,,,,,,,,,,,,,,,,,,,,,,,,,,,,,,,,,,,,,,,,,,,,,,,,,,,,,,,,,,,,,,,,,,,,,,,,,
NSRD0799-8,,42.45,10.89,24.81,7.46,10.5,0.22,0.62,0.37,0.05,0,0.06,0,0.07,0.02,0.01,0,2.47,2.04,11.83,7.08,0.01,71.89,0.6,1.89,0.01,0.01,0,0.13,0,1.91,0.12,0,0,0,0,2.47,0,100,,,,,,,,,,,,,,,,,,,,,,,,,,,,,,,,,,,,,,,,,,,,,,,,,,,,,,,,,,,,,,,,,,,,,,,,,,,,,,,,,,,,,,,,,,,,,,,,,,,,,
NSRD0799-9,,45.89,4.41,32.1,4.98,6.46,0.48,0.96,0.82,0.1,0.13,0.1,0,0.21,0,0,0.02,3.33,34.32,0.15,10.29,0,43.44,3.25,3.94,0.03,0.01,0.25,0.04,0.16,0.33,0.32,0.06,0,0.07,0.02,3.33,0,100,,,,,,,,,,,,,,,,,,,,,,,,,,,,,,,,,,,,,,,,,,,,,,,,,,,,,,,,,,,,,,,,,,,,,,,,,,,,,,,,,,,,,,,,,,,,,,,,,,,,,
NSRD0799-10,,42.52,11.6,28.87,4.55,4.81,0.17,1.88,0.25,0.04,0.14,0.27,0,0.21,0.01,0.02,0.01,4.64,25.97,0.07,35.32,0.13,25.84,4.93,1.21,0.11,0.02,0.26,0.19,0.04,0.84,0.33,0.04,0,0.04,0.01,4.64,0,100,,,,,,,,,,,,,,,,,,,,,,,,,,,,,,,,,,,,,,,,,,,,,,,,,,,,,,,,,,,,,,,,,,,,,,,,,,,,,,,,,,,,,,,,,,,,,,,,,,,,,
NSRD0799-11,,40.6,14.84,26.3,4.56,4.38,0.21,2.32,0.34,0.05,0.38,0.34,0,0.21,0.01,0.02,0.01,5.45,18.84,0.01,45.3,0.06,20.54,5.88,1.67,0.07,0.02,0.71,0.19,0.01,0.84,0.33,0.02,0,0.05,0,5.45,0,100,,,,,,,,,,,,,,,,,,,,,,,,,,,,,,,,,,,,,,,,,,,,,,,,,,,,,,,,,,,,,,,,,,,,,,,,,,,,,,,,,,,,,,,,,,,,,,,,,,,,,
NSRD0799-12,,49.95,3.26,42.22,0.84,0.71,0.02,0.54,0.04,0.01,0.38,0.07,0,0.03,0,0,0,1.92,83.4,0,8.7,0.02,3.02,1.81,0.18,0.02,0,0.71,0,0,0.16,0.05,0.01,0,0.01,0,1.92,0,100,,,,,,,,,,,,,,,,,,,,,,,,,,,,,,,,,,,,,,,,,,,,,,,,,,,,,,,,,,,,,,,,,,,,,,,,,,,,,,,,,,,,,,,,,,,,,,,,,,,,,
NSRD0800-1,,38.48,39.89,17.94,0.52,0.49,0.1,0.33,0.05,0.02,0,0.03,0.02,0,0,0,0,2.11,34.99,55.57,1.33,0.76,3.13,1.65,0.04,0.14,0.1,0,0.03,0.03,0.1,0,0.01,0,0,0,2.11,0,100,,,,,,,,,,,,,,,,,,,,,,,,,,,,,,,,,,,,,,,,,,,,,,,,,,,,,,,,,,,,,,,,,,,,,,,,,,,,,,,,,,,,,,,,,,,,,,,,,,,,,
NSRD0800-2,,40.05,31.17,20.49,0.39,0.26,1.35,0.64,0.61,0.36,0.01,0.03,0.07,0,0.01,0.03,0,4.51,40,36.2,3.56,10.29,1.03,1.01,2.22,0.18,0.38,0.01,0.37,0.2,0.04,0,0.01,0,0,0,4.49,0,100,,,,,,,,,,,,,,,,,,,,,,,,,,,,,,,,,,,,,,,,,,,,,,,,,,,,,,,,,,,,,,,,,,,,,,,,,,,,,,,,,,,,,,,,,,,,,,,,,,,,,
NSRD0800-3,,40.83,28.78,19.1,0.26,0.15,2.53,0.96,1.93,0.66,0,0.03,0.14,0,0.03,0.01,0,4.59,37.28,29.91,1.82,15.32,0.65,1.16,7.57,0.23,0.79,0.01,0.13,0.5,0.03,0,0.01,0,0,0,4.59,0,100,,,,,,,,,,,,,,,,,,,,,,,,,,,,,,,,,,,,,,,,,,,,,,,,,,,,,,,,,,,,,,,,,,,,,,,,,,,,,,,,,,,,,,,,,,,,,,,,,,,,,
NSRD0800-4,,38.3,35.15,16.9,0.22,0.09,1.81,0.74,0.41,0.51,0,0.03,0.18,0,0.04,0.01,0,5.62,32.75,39.68,1.99,17.29,0.2,1.1,0,0.21,0.98,0,0.1,0.08,0.01,0,0,0,0,0,5.62,0,100,,,,,,,,,,,,,,,,,,,,,,,,,,,,,,,,,,,,,,,,,,,,,,,,,,,,,,,,,,,,,,,,,,,,,,,,,,,,,,,,,,,,,,,,,,,,,,,,,,,,,
NSRD0800-5,,41.18,24.29,20.85,1.52,1.42,2.96,1.6,0.07,0.75,0.09,0.11,0.03,0.04,0.01,0.01,0.02,5.04,29.92,12.38,13.4,25.36,6.83,2.67,0,3.34,0.17,0.17,0.07,0.01,0.48,0.05,0.08,0,0.03,0,5.04,0,100,,,,,,,,,,,,,,,,,,,,,,,,,,,,,,,,,,,,,,,,,,,,,,,,,,,,,,,,,,,,,,,,,,,,,,,,,,,,,,,,,,,,,,,,,,,,,,,,,,,,,
NSRD0800-6,,42.26,17.79,22.18,1.68,0.93,3.47,2.57,0.03,0.88,1.11,0.17,0.02,0.08,0,0.01,0.05,6.78,34.77,0.72,6.35,29.45,5.13,9.83,0,4.25,0.08,2.08,0.1,0,0.14,0.1,0.18,0,0.04,0,6.78,0,100,,,,,,,,,,,,,,,,,,,,,,,,,,,,,,,,,,,,,,,,,,,,,,,,,,,,,,,,,,,,,,,,,,,,,,,,,,,,,,,,,,,,,,,,,,,,,,,,,,,,,
NSRD0800-7,,44.65,6.47,31.92,5.19,6.53,0.02,1.1,0.03,0,0.19,0.15,0,0.18,0.01,0,0.01,3.54,30.62,0,19.69,0,41.48,2.81,0.12,0.05,0.01,0.36,0.06,0.01,0.88,0.29,0.03,0,0.03,0.01,3.54,0,100,,,,,,,,,,,,,,,,,,,,,,,,,,,,,,,,,,,,,,,,,,,,,,,,,,,,,,,,,,,,,,,,,,,,,,,,,,,,,,,,,,,,,,,,,,,,,,,,,,,,,
NSRD0800-8,,42.11,9.5,29.03,4.99,5.69,0.02,1.61,0.04,0,0.2,0.23,0,0.22,0.01,0.04,0,6.3,24.36,0,29.4,0,33.14,4.14,0.12,0.05,0.01,0.37,0.46,0.02,1.24,0.35,0,0,0.04,0,6.3,0,100,,,,,,,,,,,,,,,,,,,,,,,,,,,,,,,,,,,,,,,,,,,,,,,,,,,,,,,,,,,,,,,,,,,,,,,,,,,,,,,,,,,,,,,,,,,,,,,,,,,,,
NSRD0800-9,,42.2,9.08,28.46,5.26,6.39,0.22,1.42,0.38,0.05,0.28,0.2,0,0.23,0.01,0,0,5.82,21.3,0,27.3,0,38.63,2.87,1.85,0.04,0.01,0.53,0.01,0.05,1.21,0.36,0,0,0.04,0,5.82,0,100,,,,,,,,,,,,,,,,,,,,,,,,,,,,,,,,,,,,,,,,,,,,,,,,,,,,,,,,,,,,,,,,,,,,,,,,,,,,,,,,,,,,,,,,,,,,,,,,,,,,,
NSRD0800-10,,26.68,23.06,17.48,3.9,4.78,0.06,0.84,0.13,0.01,17.38,0.16,0.02,0.1,0.01,0,0.01,5.4,6.4,0,26.2,0.02,27.96,0.41,0.46,0.01,0.09,32.51,0,0.01,0.29,0.16,0.03,0,0.02,0,5.4,0.01,100,,,,,,,,,,,,,,,,,,,,,,,,,,,,,,,,,,,,,,,,,,,,,,,,,,,,,,,,,,,,,,,,,,,,,,,,,,,,,,,,,,,,,,,,,,,,,,,,,,,,,
NSRD0800-11,,43.51,8.95,29.77,4.44,4.26,0.07,2.4,0.1,0.01,0.33,0.28,0,0.24,0.01,0,0.02,5.57,32.58,0.01,24.12,0.01,24.56,10.71,0.46,0.13,0.02,0.62,0.03,0.02,0.63,0.36,0.07,0,0.08,0,5.57,0,100,,,,,,,,,,,,,,,,,,,,,,,,,,,,,,,,,,,,,,,,,,,,,,,,,,,,,,,,,,,,,,,,,,,,,,,,,,,,,,,,,,,,,,,,,,,,,,,,,,,,,
NSRD0800-12,,41.39,19.59,23.35,2.49,1.61,2.11,2.64,0.04,0.56,0.29,0.28,0.02,0.13,0.01,0,0.09,5.4,28.02,2.13,29.6,18.88,4.74,8.15,0,1.65,0.1,0.55,0,0.01,0.18,0.16,0.35,0,0.11,0,5.4,0,100,,,,,,,,,,,,,,,,,,,,,,,,,,,,,,,,,,,,,,,,,,,,,,,,,,,,,,,,,,,,,,,,,,,,,,,,,,,,,,,,,,,,,,,,,,,,,,,,,,,,,
Sample,,,,,,,,,,,,,,,,,,,,,,,,,,,,,,,,,,,,,,,,,,,,,,,,,,,,,,,,,,,,,,,,,Quartz,Stilpnomelane,Hematite,Magnetite,Siderite,K-Feldspar,,,Chlorite,Ankerite,Plagioclase,Calcite,Pyrite,Mica,,,Sample_UNITS,Cu_ppm,Zn_ppm,Co_ppm,Ni_ppm,As_ppm,Ag_ppm,Ba_ppm,Be_ppm,Bi_ppm,Cd_ppm,Ga_ppm,Li_ppm,Mn_ppm,Mo_ppm,P_ppm,Pb_ppm,Sb_ppm,Sc_ppm,Sn_ppm,Sr_ppm,V_ppm,W_ppm,Ta_ppm,Y_ppm,Hf_ppm,Zr_ppm,Nb_ppm,La_ppm,Ce_ppm,Pr_ppm,Nd_ppm,Sm_ppm,Eu_ppm,Gd_ppm,Tb_ppm,Dy_ppm,Ho_ppm,Er_ppm,Tm_ppm,Yb_ppm,Lu_ppm,Th_ppm,U_ppm,Se_ppm,Rb_ppm,In_ppm,Te_ppm,Cs_ppm,Re_ppm,Tl_ppm,Al_%,Ca_%,Na_%,K_%,S_ppm,Cr_ppm,Fe_%,Mg_%,Ti_%
NSD0034 84.5m-NS_Sample_1,,,,,,,,,,,,,,,,,,,,,,,,,,,,,,,,,,,,,,,,,,,,,,,,,,,,,,,,,,,,,,,,,40,1,1,8,8,,,,,41,,,,,,,1,11,141,11,6,2,-0.5,36,1.2,-0.1,0.5,0.4,3,10200,-0.5,60,19,0.2,1,-1,88.5,2,335,-0.1,11.3,-0.2,-1,-0.5,2,3,0.36,1.55,0.45,0.5,0.8,0.12,0.7,0.2,0.6,0.1,0.7,0.1,-0.1,-0.1,-5,6,-0.02,-0.2,0.4,-0.1,-0.1,0.06,8.74,0.02,0.07,300,10,15.9,2.96,0.005
NSD0034 84.5m-NS_Sample_2,,,,,,,,,,,,,,,,,,,,,,,,,,,,,,,,,,,,,,,,,,,,,,,,,,,,,,,,,,,,,,,,,29,7,<1,45,15,,,,3,1,,1,,,,,2,20,58,17,40,2,-0.5,71,0.8,-0.1,-0.5,1.6,7.5,4340,0.5,1320,9,0.2,3,-1,9,24,349,0.1,7.3,-0.2,5,-0.5,6.3,7.7,0.8,3.05,0.6,0.25,0.8,0.1,0.65,0.16,0.5,0.08,0.5,0.06,0.5,-0.1,-5,27,-0.02,-0.2,1.9,-0.1,-0.1,0.59,0.5,0.07,0.24,300,80,40.8,1.33,0.035
NSD0034 84.5m-NS_Sample_3,,,,,,,,,,,,,,,,,,,,,,,,,,,,,,,,,,,,,,,,,,,,,,,,,,,,,,,,,,,,,,,,,26,8,,48,15,,,,3,<1,,1,,,,,3,32,34,16,46,1,-0.5,79,1,-0.1,-0.5,2,9,4270,1,1070,3,0.2,3,-1,7.5,24,179,0.1,6.9,-0.2,6,-0.5,5.9,7.6,0.76,3.1,0.55,0.25,0.8,0.1,0.6,0.16,0.5,0.08,0.45,0.06,0.6,-0.1,-5,31.8,-0.02,-0.2,2.3,-0.1,-0.1,0.72,0.34,0.08,0.28,250,90,43.3,1.39,0.04
NSD0034 118m-NS_Sample_4,,,,,,,,,,,,,,,,,,,,,,,,,,,,,,,,,,,,,,,,,,,,,,,,,,,,,,,,,,,,,,,,,40,13,,16,22,,,,8,<1,,1,,,,,4,6,50,5,56,1,-0.5,99,2.7,-0.1,-0.5,4.2,17.5,4270,-0.5,145,3,0.2,7,-1,4.5,56,75,0.1,3.2,0.4,14,1,7.7,15.1,1.8,6.3,1.1,0.4,1,0.12,0.55,0.12,0.35,0.06,0.45,0.06,1.2,0.4,-5,47.4,0.04,-0.2,3.3,-0.1,-0.1,1.53,0.14,0.11,0.38,850,205,26.5,1.93,0.08
NSD0034 118m-NS_Sample_5,,,,,,,,,,,,,,,,,,,,,,,,,,,,,,,,,,,,,,,,,,,,,,,,,,,,,,,,,,,,,,,,,74,6,,1,3,,,,<1,15,,1,,,,,5,10,13,14,12,-1,-0.5,47,0.4,-0.1,-0.5,0.6,7,2170,-0.5,20,-1,-0.1,4,-1,51.5,8,281,-0.1,3.1,-0.2,2,-0.5,0.6,1.3,0.2,0.85,0.4,0.35,0.6,0.12,0.55,0.12,0.35,0.04,0.4,0.04,-0.1,-0.1,-5,23.4,-0.02,-0.2,1.6,-0.1,-0.1,0.3,3.01,0.06,0.19,100,15,6.25,1.19,0.01
NSD0036 114m EL_Sample_6,,,,,,,,,,,,,,,,,,,,,,,,,,,,,,,,,,,,,,,,,,,,,,,,,,,,,,,,,,,,,,,,,40,3,8,34,9,,,,6,,,,,,,,6,18,24,13,58,2,1,60,0.8,-0.1,-0.5,2.6,14,2700,0.5,805,5,0.2,3,-1,11,26,150,-0.1,6,0.4,11,-0.5,5.2,7.6,0.82,3.15,0.65,0.25,0.8,0.12,0.6,0.14,0.45,0.06,0.4,0.04,0.9,0.2,-5,18.4,-0.02,-0.2,2.2,-0.1,-0.1,1.02,0.2,0.06,0.12,350,135,35.5,1.26,0.04
NSD0036 114m EL_Sample_7,,,,,,,,,,,,,,,,,,,,,,,,,,,,,,,,,,,,,,,,,,,,,,,,,,,,,,,,,,,,,,,,,40,2,5,29,17,,,,3,3,,<1,,,,,7,10,14,15,32,2,0.5,40,0.7,-0.1,-0.5,1.6,6.5,5010,-0.5,1150,3,0.2,3,-1,28.5,24,187,-0.1,5.9,-0.2,4,-0.5,5.1,6.9,0.72,3.15,0.55,0.3,0.8,0.1,0.6,0.14,0.45,0.06,0.35,0.04,0.5,-0.1,-5,14.8,-0.02,-0.2,2,-0.1,-0.1,0.48,0.91,0.05,0.1,200,60,33.5,1.37,0.03
NSD0036 114m EL_Sample_8,,,,,,,,,,,,,,,,,,,,,,,,,,,,,,,,,,,,,,,,,,,,,,,,,,,,,,,,,,,,,,,,,31,4,2,30,26,1,,,5,1,1,<1,,,,,8,18,21,11,54,2,-0.5,112,0.8,-0.1,-0.5,2.4,11,6970,0.5,365,2,-0.1,4,-1,13,18,86.5,-0.1,4.7,0.4,12,-0.5,5.3,8.5,0.94,3.65,0.7,0.25,0.8,0.1,0.55,0.14,0.45,0.06,0.5,0.06,0.8,0.3,-5,29.4,-0.02,-0.2,3.5,-0.1,-0.1,1.04,0.37,0.15,0.22,300,140,34,2.08,0.045
NSD0037 126m EL_Sample_9,,,,,,,,,,,,,,,,,,,,,,,,,,,,,,,,,,,,,,,,,,,,,,,,,,,,,,,,,,,,,,,,,19,4,,37,1,32,,,3,,3,<1,,,,,9,15,47,29,168,3,-0.5,1260,6.8,-0.1,-0.5,6.4,10.5,524,0.5,60,2,-0.1,8,-1,29,72,281,0.1,8.3,1.2,37,-0.5,12.6,24.1,2.9,10.6,1.95,0.6,1.6,0.2,1.3,0.32,0.95,0.16,1.05,0.16,2.6,0.4,-5,270,0.02,-0.2,4.8,-0.1,0.4,3.92,0.04,0.38,4.06,500,490,28.6,0.85,0.06
NSD0037 126m EL_Sample_10,,,,,,,,,,,,,,,,,,,,,,,,,,,,,,,,,,,,,,,,,,,,,,,,,,,,,,,,,,,,,,,,,31,3,1,33,23,4,,,3,<1,1,<1,,,,,10,22,37,17,88,2,46,188,0.8,-0.1,-0.5,4.2,8,6980,1,170,3,0.1,5,1,8,60,139,0.1,10,0.4,16,1.5,12.3,23.5,2.8,10.5,2.1,0.95,2,0.28,1.7,0.38,1.1,0.18,1.15,0.16,1.2,0.4,-5,50.6,-0.02,-0.2,3.7,-0.1,-0.1,1.04,0.15,0.17,0.61,350,195,34.4,1.89,0.08
NSD0037 130m EL_Sample_11,,,,,,,,,,,,,,,,,,,,,,,,,,,,,,,,,,,,,,,,,,,,,,,,,,,,,,,,,,,,,,,,,56,2,9,13,15,<1,,,,5,<1,<1,,,,,11,10,7,11,14,4,-0.5,26,0.6,-0.1,-0.5,0.6,1,6360,-0.5,795,4,0.4,2,-1,43.5,12,292,-0.1,5.1,-0.2,2,-0.5,3.1,4.5,0.54,2.1,0.45,0.2,0.6,0.1,0.55,0.14,0.4,0.06,0.35,0.06,0.2,0.2,-5,11.2,-0.02,-0.2,1.1,-0.1,-0.1,0.11,1.16,0.05,0.11,50,35,22.5,1.12,0.025
GVD0005 88.8m GV_Sample_12,,,,,,,,,,,,,,,,,,,,,,,,,,,,,,,,,,,,,,,,,,,,,,,,,,,,,,,,,,,,,,,,,89,,1,1,9,,,,<1,,,,,,,,12,8,3,25,2,2,-0.5,6,0.3,-0.1,-0.5,-0.2,2.5,1250,-0.5,120,-1,1.2,1,-1,1.5,8,684,0.2,2.2,-0.2,-1,-0.5,0.6,0.6,0.08,0.3,-0.05,-0.05,-0.2,-0.02,0.1,0.04,0.15,-0.02,0.15,-0.02,-0.1,-0.1,-5,1.6,-0.02,-0.2,0.2,-0.1,-0.1,0.01,0.09,0.02,0.02,-50,-5,5.03,0.4,-0.005
GVD0005 88.8m GV_Sample_13,,,,,,,,,,,,,,,,,,,,,,,,,,,,,,,,,,,,,,,,,,,,,,,,,,,,,,,,,,,,,,,,,27,,1,17,49,,,,3,<1,,,,4,,,13,7,20,8,28,2,-0.5,217,1.8,-0.1,-0.5,1.6,6.5,9320,0.5,1690,-1,0.7,3,-1,6.5,14,153,-0.1,9,-0.2,5,-0.5,18.5,19.9,1.9,6.65,1,0.55,1.2,0.14,0.8,0.2,0.55,0.08,0.5,0.08,0.5,-0.1,-5,40.4,-0.02,-0.2,2,-0.1,0.2,1.03,0.6,0.03,0.42,300,90,31.5,2.19,0.02
GVD0007 131m GV_Sample_14,,,,,,,,,,,,,,,,,,,,,,,,,,,,,,,,,,,,,,,,,,,,,,,,,,,,,,,,,,,,,,,,,30,6,1,29,33,,,,1,,,1,,,,,14,6,22,11,30,1,-0.5,46,1.3,-0.1,-0.5,1.6,3.5,2370,-0.5,2790,-1,2.2,2,-1,6,18,148,-0.1,8.2,-0.2,4,-0.5,5.1,7.8,0.96,3.9,0.85,0.55,1.2,0.16,0.85,0.22,0.55,0.08,0.5,0.08,0.3,-0.1,-5,21.4,-0.02,-0.2,2.7,-0.1,-0.1,0.36,0.75,0.09,0.22,600,45,37.3,1.01,0.02
GVD0005 170.8m GV block A_Sample_15,,,,,,,,,,,,,,,,,,,,,,,,,,,,,,,,,,,,,,,,,,,,,,,,,,,,,,,,,,,,,,,,,34,5,,32,12,,,,16,,,<1,1,,,,15,9,60,32,130,14,-0.5,106,14.8,0.1,-0.5,5.2,13.5,2510,1.5,1990,6,3.2,7,-1,8.5,52,120,0.2,7.8,0.8,25,1,18.9,31.2,3.56,13.2,2.4,1.05,2,0.22,1.3,0.26,0.75,0.1,0.75,0.12,2.3,0.3,-5,14.6,0.02,0.2,3.7,-0.1,-0.1,2.22,0.52,0.05,0.13,3500,335,34,1.87,0.12
GVD0007 229.5 block A GV_Sample_16,,,,,,,,,,,,,,,,,,,,,,,,,,,,,,,,,,,,,,,,,,,,,,,,,,,,,,,,,,,,,,,,,22,42,,,34,,,,1,,,,1,,,,16,43,48,16,102,13,-0.5,124,1.3,-0.1,-0.5,3.6,15,3990,-0.5,1710,5,3.5,8,-1,10,48,89.5,0.1,12.9,0.6,18,1.5,15.9,24.7,2.76,10.5,2.15,0.85,2,0.28,1.65,0.38,1.1,0.16,1.05,0.16,1.3,0.4,-5,84.8,0.08,-0.2,7.9,-0.1,0.4,1.68,0.51,0.3,0.91,4150,225,26.6,2.02,0.085
GVD0007 245m block A GV_Sample_17,,,,,,,,,,,,,,,,,,,,,,,,,,,,,,,,,,,,,,,,,,,,,,,,,,,,,,,,,,,,,,,,,30,11,<1,24,33,,,,1,,,1,,,,,17,5,33,14,38,1,-0.5,43,1,-0.1,-0.5,1.4,4.5,3670,1,1130,-1,1,3,-1,5,26,212,-0.1,11.3,-0.2,5,-0.5,7.4,12.4,1.46,6,1.35,0.55,1.6,0.24,1.45,0.36,1,0.16,1.05,0.16,0.5,-0.1,-5,26,-0.02,-0.2,2.4,-0.1,-0.1,0.51,0.36,0.11,0.29,250,60,34.8,1.32,0.03
NSD00038 225.5m EL_Sample_18,,,,,,,,,,,,,,,,,,,,,,,,,,,,,,,,,,,,,,,,,,,,,,,,,,,,,,,,,,,,,,,,,43,3,<1,31,14,<1,,,1,7,,<1,,,,,18,5,14,12,26,2,-0.5,39,2.4,-0.1,-0.5,1.4,3.5,2900,0.5,850,3,0.2,2,-1,33,20,113,-0.1,8.1,-0.2,5,-0.5,6,9.6,1.12,4.35,0.8,0.4,1,0.12,0.8,0.2,0.55,0.08,0.5,0.08,0.6,-0.1,-5,19.6,-0.02,-0.2,2.3,-0.1,-0.1,0.44,1.54,0.04,0.16,150,50,31.1,1.08,0.03
NSD0037 126m A EL_Sample_19,,,,,,,,,,,,,,,,,,,,,,,,,,,,,,,,,,,,,,,,,,,,,,,,,,,,,,,,,,,,,,,,,26,9,7,19,23,4,,,3,7,2,1,1,,,,19,45,51,27,132,13,-0.5,230,2.7,-0.1,-0.5,4.8,8,7200,0.5,160,14,0.3,7,-1,68.5,68,110,0.1,8,0.8,27,1,8.1,14,1.56,5.6,1.2,0.5,1.2,0.2,1.25,0.28,0.8,0.14,0.9,0.16,1.6,0.5,-5,94.6,0.04,-0.2,10,-0.1,0.2,1.39,1.38,0.26,0.81,3650,330,30.2,2.49,0.06
NSD0037 184.3m EL_Sample_20,,,,,,,,,,,,,,,,,,,,,,,,,,,,,,,,,,,,,,,,,,,,,,,,,,,,,,,,,,,,,,,,,7,18,,4,,57,,,10,2,,1,,,,,20,25,176,25,176,20,-0.5,2050,1.8,0.1,-0.5,20.6,23.5,528,0.5,100,7,0.6,13,5,61,86,157,1.3,56.7,13.2,437,15,54.2,110,13,49.2,10.9,1.55,11.4,2,13,2.64,7.4,1.14,7.25,0.88,22,4.2,-5,507,0.16,-0.2,19.7,-0.1,1.1,6.9,0.42,0.31,6.83,1150,340,11.5,2.54,0.24
NSD0037 126m EL_Sample_21,,,,,,,,,,,,,,,,,,,,,,,,,,,,,,,,,,,,,,,,,,,,,,,,,,,,,,,,,,,,,,,,,30,7,10,24,20,1,,,1,6,1,<1,,,,,21,40,33,11,66,6,-0.5,115,1,-0.1,-0.5,3.4,5.5,6570,-0.5,255,4,0.2,4,-1,47,66,88.5,-0.1,8.1,0.4,10,1,7.1,12.1,1.4,5.4,1.05,0.55,1.2,0.2,1.3,0.28,0.85,0.14,0.9,0.14,0.8,0.4,-5,56.8,-0.02,-0.2,7.1,-0.1,-0.1,0.7,1.25,0.15,0.4,1000,140,32.4,1.9,0.045
NSD0037 126m EL_Sample_22,,,,,,,,,,,,,,,,,,,,,,,,,,,,,,,,,,,,,,,,,,,,,,,,,,,,,,,,,,,,,,,,,16,16,,19,1,26,,,11,3,7,1,,,,,22,18,98,42,314,10,0.5,989,7.5,-0.1,-0.5,12.8,22.5,1150,1,45,8,0.2,17,3,158,134,85.5,0.2,5.1,1.8,58,1,13.1,24.2,2.62,9.25,1.65,0.3,1.2,0.16,0.85,0.2,0.55,0.1,0.75,0.1,5,0.6,-5,254,0.06,-0.2,17.1,-0.1,0.5,4.85,0.48,0.79,2.88,3500,685,20.1,2.55,0.11
NSD0037 126m EL_Sample_23,,,,,,,,,,,,,,,,,,,,,,,,,,,,,,,,,,,,,,,,,,,,,,,,,,,,,,,,,,,,,,,,,22,14,,5,48,1,,,2,5,1,1,3,,,,23,76,58,80,212,63,-0.5,108,1.4,0.4,-0.5,3.6,7,13600,2.5,145,50,0.5,8,-1,42,30,71.5,0.1,5.2,0.4,11,-0.5,4.2,7.1,0.84,3,0.75,0.3,1,0.16,0.9,0.2,0.55,0.08,0.6,0.08,0.8,0.2,-5,95.6,0.04,-0.2,14.5,-0.1,0.4,0.91,1.14,0.24,0.48,19100,115,25,3.92,0.025
NSRD0798 DTR Tails -53 Comp 9_Sample_24,,,,,,,,,,,,,,,,,,,,,,,,,,,,,,,,,,,,,,,,,,,,,,,,,,,,,,,,,,,,,,,,,38,24,,2,27,,,,4,4,,1,1,,,,24,51,60,15,98,11,-0.5,147,2.6,-0.1,-0.5,4.4,16,4510,1.5,1340,5,0.2,6,-1,29,24,3,0.1,12,0.6,16,1.5,11.5,21.2,2.52,9.6,2.1,0.9,2,0.3,1.75,0.4,1.2,0.18,1.1,0.16,1.3,0.4,-5,91.2,0.04,-0.2,6.9,-0.1,0.2,1.6,1.25,0.15,0.64,2700,95,22.3,1.89,0.085
NSRD0799 DTR Tails -53 Comp 14_Sample_25,,,,,,,,,,,,,,,,,,,,,,,,,,,,,,,,,,,,,,,,,,,,,,,,,,,,,,,,,,,,,,,,,40,9,,2,16,17,,,11,4,,1,,,,,25,80,78,29,210,12,-0.5,839,1.8,-0.1,-0.5,8.4,22.5,3650,1,950,9,0.3,13,1,39,60,2,0.3,11.3,1.6,51,3,12.6,22.8,2.52,9.35,1.95,0.65,2,0.28,1.8,0.4,1.25,0.18,1.2,0.16,3.5,0.9,-5,194,0.02,-0.2,8.7,-0.1,0.4,3.61,0.95,0.11,2.6,3000,285,14.1,2.14,0.205
,,,,,,,,,,,,,,,,,,,,,,,,,,,,,,,,,,,,,,,,,,,,,,,,,,,,,,,,,,,,,,,,,,,,,,,,,,,,,,,,,,,,,,,,,,,,,,,,,,,,,,,,,,,,,,,,,,,,,,,,,,,,,,,,,,,,,,,,,,,,
,,,,,,,,,,,,,,,,,,,,,,,,,,,,,,,,,,,,,,,,,,,,,,,,,,,,,,,,,,,,,,,,,,,,,,,,,,,,,,,,,,,,,,,,,,,,,,,,,,,,,,,,,,,,,,,,,,,,,,,,,,,,,,,,,,,,,,,,,,,,
,,,,,,,,,,,,,,,,,,,,,,,,,,,,,,,,,,,,,,,,,,,,,,,,,,,,,,,,,,,,,,,,,,,,,,,,,,,,,,,,,,,,,,,,,,,,,,,,,,,,,,,,,,,,,,,,,,,,,,,,,,,,,,,,,,,,,,,,,,,,
,,,,,,,,,,,,,,,,,,,,,,,,,,,,,,,,,,,,,,,,,,,,,,,,,,,,,,,,,,,,,,,,,,,,,,,,,,,,,,,,,,,,,,,,,,,,,,,,,,,,,,,,,,,,,,,,,,,,,,,,,,,,,,,,,,,,,,,,,,,,
,,,,,,,,,,,,,,,,,,,,,,,,,,,,,,,,,,,,,,,,,,,,,,,,,,,,,,,,,,,,,,,,,,,,,,,,,,,,,,,,,,,,,,,,,,,,,,,,,,,,,,,,,,,,,,,,,,,,,,,,,,,,,,,,,,,,,,,,,,,,
,,,,,,,,,,,,,,,,,,,,,,,,,,,,,,,,,,,,,,,,,,,,,,,,,,,,,,,,,,,,,,,,,,,,,,,,,,,,,,,,,,,,,,,,,,,,,,,,,,,,,,,,,,,,,,,,,,,,,,,,,,,,,,,,,,,,,,,,,,,,
,,,,,,,,,,,,,,,,,,,,,,,,,,,,,,,,,,,,,,,,,,,,,,,,,,,,,,,,,,,,,,,,,,,,,,,,,,,,,,,,,,,,,,,,,,,,,,,,,,,,,,,,,,,,,,,,,,,,,,,,,,,,,,,,,,,,,,,,,,,,
,,,,,,,,,,,,,,,,,,,,,,,,,,,,,,,,,,,,,,,,,,,,,,,,,,,,,,,,,,,,,,,,,,,,,,,,,,,,,,,,,,,,,,,,,,,,,,,,,,,,,,,,,,,,,,,,,,,,,,,,,,,,,,,,,,,,,,,,,,,,
,,,,,,,,,,,,,,,,,,,,,,,,,,,,,,,,,,,,,,,,,,,,,,,,,,,,,,,,,,,,,,,,,,,,,,,,,,,,,,,,,,,,,,,,,,,,,,,,,,,,,,,,,,,,,,,,,,,,,,,,,,,,,,,,,,,,,,,,,,,,
,,,,,,,,,,,,,,,,,,,,,,,,,,,,,,,,,,,,,,,,,,,,,,,,,,,,,,,,,,,,,,,,,,,,,,,,,,,,,,,,,,,,,,,,,,,,,,,,,,,,,,,,,,,,,,,,,,,,,,,,,,,,,,,,,,,,,,,,,,,,
,,,,,,,,,,,,,,,,,,,,,,,,,,,,,,,,,,,,,,,,,,,,,,,,,,,,,,,,,,,,,,,,,,,,,,,,,,,,,,,,,,,,,,,,,,,,,,,,,,,,,,,,,,,,,,,,,,,,,,,,,,,,,,,,,,,,,,,,,,,,
,,,,,,,,,,,,,,,,,,,,,,,,,,,,,,,,,,,,,,,,,,,,,,,,,,,,,,,,,,,,,,,,,,,,,,,,,,,,,,,,,,,,,,,,,,,,,,,,,,,,,,,,,,,,,,,,,,,,,,,,,,,,,,,,,,,,,,,,,,,,
,,,,,,,,,,,,,,,,,,,,,,,,,,,,,,,,,,,,,,,,,,,,,,,,,,,,,,,,,,,,,,,,,,,,,,,,,,,,,,,,,,,,,,,,,,,,,,,,,,,,,,,,,,,,,,,,,,,,,,,,,,,,,,,,,,,,,,,,,,,,
,,,,,,,,,,,,,,,,,,,,,,,,,,,,,,,,,,,,,,,,,,,,,,,,,,,,,,,,,,,,,,,,,,,,,,,,,,,,,,,,,,,,,,,,,,,,,,,,,,,,,,,,,,,,,,,,,,,,,,,,,,,,,,,,,,,,,,,,,,,,
,,,,,,,,,,,,,,,,,,,,,,,,,,,,,,,,,,,,,,,,,,,,,,,,,,,,,,,,,,,,,,,,,,,,,,,,,,,,,,,,,,,,,,,,,,,,,,,,,,,,,,,,,,,,,,,,,,,,,,,,,,,,,,,,,,,,,,,,,,,,
,,,,,,,,,,,,,,,,,,,,,,,,,,,,,,,,,,,,,,,,,,,,,,,,,,,,,,,,,,,,,,,,,,,,,,,,,,,,,,,,,,,,,,,,,,,,,,,,,,,,,,,,,,,,,,,,,,,,,,,,,,,,,,,,,,,,,,,,,,,,
,,,,,,,,,,,,,,,,,,,,,,,,,,,,,,,,,,,,,,,,,,,,,,,,,,,,,,,,,,,,,,,,,,,,,,,,,,,,,,,,,,,,,,,,,,,,,,,,,,,,,,,,,,,,,,,,,,,,,,,,,,,,,,,,,,,,,,,,,,,,
,,,,,,,,,,,,,,,,,,,,,,,,,,,,,,,,,,,,,,,,,,,,,,,,,,,,,,,,,,,,,,,,,,,,,,,,,,,,,,,,,,,,,,,,,,,,,,,,,,,,,,,,,,,,,,,,,,,,,,,,,,,,,,,,,,,,,,,,,,,,
,,,,,,,,,,,,,,,,,,,,,,,,,,,,,,,,,,,,,,,,,,,,,,,,,,,,,,,,,,,,,,,,,,,,,,,,,,,,,,,,,,,,,,,,,,,,,,,,,,,,,,,,,,,,,,,,,,,,,,,,,,,,,,,,,,,,,,,,,,,,
,,,,,,,,,,,,,,,,,,,,,,,,,,,,,,,,,,,,,,,,,,,,,,,,,,,,,,,,,,,,,,,,,,,,,,,,,,,,,,,,,,,,,,,,,,,,,,,,,,,,,,,,,,,,,,,,,,,,,,,,,,,,,,,,,,,,,,,,,,,,
,,,,,,,,,,,,,,,,,,,,,,,,,,,,,,,,,,,,,,,,,,,,,,,,,,,,,,,,,,,,,,,,,,,,,,,,,,,,,,,,,,,,,,,,,,,,,,,,,,,,,,,,,,,,,,,,,,,,,,,,,,,,,,,,,,,,,,,,,,,,
,,,,,,,,,,,,,,,,,,,,,,,,,,,,,,,,,,,,,,,,,,,,,,,,,,,,,,,,,,,,,,,,,,,,,,,,,,,,,,,,,,,,,,,,,,,,,,,,,,,,,,,,,,,,,,,,,,,,,,,,,,,,,,,,,,,,,,,,,,,,
,,,,,,,,,,,,,,,,,,,,,,,,,,,,,,,,,,,,,,,,,,,,,,,,,,,,,,,,,,,,,,,,,,,,,,,,,,,,,,,,,,,,,,,,,,,,,,,,,,,,,,,,,,,,,,,,,,,,,,,,,,,,,,,,,,,,,,,,,,,,
,,,,,,,,,,,,,,,,,,,,,,,,,,,,,,,,,,,,,,,,,,,,,,,,,,,,,,,,,,,,,,,,,,,,,,,,,,,,,,,,,,,,,,,,,,,,,,,,,,,,,,,,,,,,,,,,,,,,,,,,,,,,,,,,,,,,,,,,,,,,
,,,,,,,,,,,,,,,,,,,,,,,,,,,,,,,,,,,,,,,,,,,,,,,,,,,,,,,,,,,,,,,,,,,,,,,,,,,,,,,,,,,,,,,,,,,,,,,,,,,,,,,,,,,,,,,,,,,,,,,,,,,,,,,,,,,,,,,,,,,,
,,,,,,,,,,,,,,,,,,,,,,,,,,,,,,,,,,,,,,,,,,,,,,,,,,,,,,,,,,,,,,,,,,,,,,,,,,,,,,,,,,,,,,,,,,,,,,,,,,,,,,,,,,,,,,,,,,,,,,,,,,,,,,,,,,,,,,,,,,,,
,,,,,,,,,,,,,,,,,,,,,,,,,,,,,,,,,,,,,,,,,,,,,,,,,,,,,,,,,,,,,,,,,,,,,,,,,,,,,,,,,,,,,,,,,,,,,,,,,,,,,,,,,,,,,,,,,,,,,,,,,,,,,,,,,,,,,,,,,,,,
,,,,,,,,,,,,,,,,,,,,,,,,,,,,,,,,,,,,,,,,,,,,,,,,,,,,,,,,,,,,,,,,,,,,,,,,,,,,,,,,,,,,,,,,,,,,,,,,,,,,,,,,,,,,,,,,,,,,,,,,,,,,,,,,,,,,,,,,,,,,
,,,,,,,,,,,,,,,,,,,,,,,,,,,,,,,,,,,,,,,,,,,,,,,,,,,,,,,,,,,,,,,,,,,,,,,,,,,,,,,,,,,,,,,,,,,,,,,,,,,,,,,,,,,,,,,,,,,,,,,,,,,,,,,,,,,,,,,,,,,,
,,,,,,,,,,,,,,,,,,,,,,,,,,,,,,,,,,,,,,,,,,,,,,,,,,,,,,,,,,,,,,,,,,,,,,,,,,,,,,,,,,,,,,,,,,,,,,,,,,,,,,,,,,,,,,,,,,,,,,,,,,,,,,,,,,,,,,,,,,,,
,,,,,,,,,,,,,,,,,,,,,,,,,,,,,,,,,,,,,,,,,,,,,,,,,,,,,,,,,,,,,,,,,,,,,,,,,,,,,,,,,,,,,,,,,,,,,,,,,,,,,,,,,,,,,,,,,,,,,,,,,,,,,,,,,,,,,,,,,,,,
,,,,,,,,,,,,,,,,,,,,,,,,,,,,,,,,,,,,,,,,,,,,,,,,,,,,,,,,,,,,,,,,,,,,,,,,,,,,,,,,,,,,,,,,,,,,,,,,,,,,,,,,,,,,,,,,,,,,,,,,,,,,,,,,,,,,,,,,,,,,
,,,,,,,,,,,,,,,,,,,,,,,,,,,,,,,,,,,,,,,,,,,,,,,,,,,,,,,,,,,,,,,,,,,,,,,,,,,,,,,,,,,,,,,,,,,,,,,,,,,,,,,,,,,,,,,,,,,,,,,,,,,,,,,,,,,,,,,,,,,,
,,,,,,,,,,,,,,,,,,,,,,,,,,,,,,,,,,,,,,,,,,,,,,,,,,,,,,,,,,,,,,,,,,,,,,,,,,,,,,,,,,,,,,,,,,,,,,,,,,,,,,,,,,,,,,,,,,,,,,,,,,,,,,,,,,,,,,,,,,,,
,,,,,,,,,,,,,,,,,,,,,,,,,,,,,,,,,,,,,,,,,,,,,,,,,,,,,,,,,,,,,,,,,,,,,,,,,,,,,,,,,,,,,,,,,,,,,,,,,,,,,,,,,,,,,,,,,,,,,,,,,,,,,,,,,,,,,,,,,,,,
,,,,,,,,,,,,,,,,,,,,,,,,,,,,,,,,,,,,,,,,,,,,,,,,,,,,,,,,,,,,,,,,,,,,,,,,,,,,,,,,,,,,,,,,,,,,,,,,,,,,,,,,,,,,,,,,,,,,,,,,,,,,,,,,,,,,,,,,,,,,
,,,,,,,,,,,,,,,,,,,,,,,,,,,,,,,,,,,,,,,,,,,,,,,,,,,,,,,,,,,,,,,,,,,,,,,,,,,,,,,,,,,,,,,,,,,,,,,,,,,,,,,,,,,,,,,,,,,,,,,,,,,,,,,,,,,,,,,,,,,,
,,,,,,,,,,,,,,,,,,,,,,,,,,,,,,,,,,,,,,,,,,,,,,,,,,,,,,,,,,,,,,,,,,,,,,,,,,,,,,,,,,,,,,,,,,,,,,,,,,,,,,,,,,,,,,,,,,,,,,,,,,,,,,,,,,,,,,,,,,,,
