Label,O,F,Na,Mg,Al,Si,P,S,K,Ca,Ti,Cr,Mn,Fe,Cu,Zn,Ba,Pb,Total,Project Path (1),BHID_slide,slide,BHID,Project Path (3),Mineral,NumericMineral
Spectrum 185,38.47,,,4.91,7.38,17.21,,,1.32,,,,,30.71,,,,,100,23_1878,NSRD0798-10,10,NSRD0798,Site 1,Stilp,1
Spectrum 184,38.74,,,5.16,7.18,17.66,,,1.48,,,,,29.78,,,,,100,23_1878,NSRD0798-10,10,NSRD0798,Site 1,Stilp,1
Spectrum 64,42.47,,,2.66,2.6,27.64,,,1.63,,,,,23,,,,,100,23_1878,NSRD0798-8,8,NSRD0798,Site 2,Stilp,1
Spectrum 39,39.66,,,6.42,6.85,18.75,,,1.64,,,,,26.68,,,,,100,23_1878,NSRD0798-7,7,NSRD0798,Site 4,Stilp,1
Spectrum 59,38.99,,0.64,4.34,5.25,19.73,,,1.75,,,,,29.3,,,,,100,23_1878,NSRD0798-8,8,NSRD0798,Site 1,Stilp,1
Spectrum 3,42.59,,,4.93,4.66,20.54,,,1.76,,,,,25.52,,,,,100,23_1878,NSRD0798-7,7,NSRD0798,Site 1,Stilp,1
Spectrum 8,42.33,,0.56,4.87,4.54,21,,,1.77,,,,,24.92,,,,,100,23_1878,NSRD0798-7,7,NSRD0798,Site 1,Stilp,1
Spectrum 234,40.63,,0.53,4.8,3.56,23.22,,,1.78,,,,,25.48,,,,,100,23_1878,NSRD0798-5,5,NSRD0798,Site 1,Stilp,1
Spectrum 44,43.05,,,3.43,2.49,28.27,,,1.82,,,,,20.93,,,,,100,23_1878,NSRD0798-7,7,NSRD0798,Site 5,Stilp,1
Spectrum 43,40.61,,,4.34,3.19,23.69,,,1.83,,,,0.38,25.96,,,,,100,23_1878,NSRD0798-7,7,NSRD0798,Site 5,Stilp,1
Spectrum 170,41.65,,,3.23,3.27,25.7,,,1.86,,,,,24.29,,,,,100,23_1878,NSRD0800-10,10,NSRD0800,Site 2,Stilp,1
Spectrum 14,41.76,,,5.17,4.9,19.95,,,1.91,,,,,26.31,,,,,100,23_1878,NSRD0798-7,7,NSRD0798,Site 1,Stilp,1
Spectrum 25,40.03,,0.49,5.15,4.73,21.35,,,1.91,,,,,26.34,,,,,100,23_1878,NSRD0798-7,7,NSRD0798,Site 2,Stilp,1
Spectrum 41,39.96,,,4.4,2.91,22.89,,,1.91,,,,0.98,26.94,,,,,100,23_1878,NSRD0798-7,7,NSRD0798,Site 4,Stilp,1
Spectrum 67,39.13,,,4.42,5.73,19.65,,,1.96,,,,,29.1,,,,,100,23_1878,NSRD0798-8,8,NSRD0798,Site 2,Stilp,1
Spectrum 68,39.47,,,3.7,3.85,21.81,,,1.99,,,,,29.17,,,,,100,23_1878,NSRD0798-8,8,NSRD0798,Site 2,Stilp,1
Spectrum 168,41.06,,,4.09,6.82,17.28,,3.23,1.99,,,0.36,,25.17,,,,,100,23_1878,NSRD0800-10,10,NSRD0800,Site 1,Stilp,1
Spectrum 186,38.94,,,4.55,5.71,19.33,,,2.07,,,,,29.4,,,,,100,23_1878,NSRD0798-10,10,NSRD0798,Site 1,Stilp,1
Spectrum 55,41.49,,,4.01,2.93,25.37,,,2.08,,,,0.36,23.75,,,,,100,23_1878,NSRD0798-7,7,NSRD0798,Site 6,Stilp,1
Spectrum 4,41.25,,0.54,5.01,4.32,20.82,,,2.09,,,,0.34,25.63,,,,,100,23_1878,NSRD0798-7,7,NSRD0798,Site 1,Stilp,1
Spectrum 62,39.05,,,4.3,5.05,20.07,,,2.1,,,,,29.41,,,,,100,23_1878,NSRD0798-8,8,NSRD0798,Site 2,Stilp,1
Spectrum 164,40.39,,,3.54,3.39,23.61,,,2.11,,,,,26.96,,,,,100,23_1878,NSRD0800-10,10,NSRD0800,Site 1,Stilp,1
Spectrum 51,40.68,,,4.43,3.16,23.81,,,2.13,,,,0.34,25.46,,,,,100,23_1878,NSRD0798-7,7,NSRD0798,Site 5,Stilp,1
Spectrum 120,38.72,,,3.74,4.82,19.99,,,2.15,,,,,30.58,,,,,100,23_1878,NSRD0800-12,12,NSRD0800,Site 3,Stilp,1
Spectrum 58,39.44,,,4.05,4.45,21.2,,,2.17,,,,,28.7,,,,,100,23_1878,NSRD0798-8,8,NSRD0798,Site 1,Stilp,1
Spectrum 208,40.02,,0.69,3.43,3.14,23.22,,,2.18,,,,,27.32,,,,,100,23_1878,NSRD0798-10,10,NSRD0798,NSRD0798-11,Stilp,1
Spectrum 19,41.04,,,4.33,2.63,19.97,,,2.19,0.24,,,1.43,28.17,,,,,100,23_1878,NSRD0798-7,7,NSRD0798,Site 1,Stilp,1
Spectrum 7,41.28,,0.52,4.38,3.45,22.19,,,2.22,,,,0.37,25.58,,,,,100,23_1878,NSRD0798-7,7,NSRD0798,Site 1,Stilp,1
Spectrum 167,40.28,,,3.82,3.47,23.26,,,2.22,,,,,26.96,,,,,100,23_1878,NSRD0800-10,10,NSRD0800,Site 1,Stilp,1
Spectrum 26,39.91,,0.48,4.77,4.11,21.8,,,2.23,,,,0.5,26.2,,,,,100,23_1878,NSRD0798-7,7,NSRD0798,Site 2,Stilp,1
Spectrum 40,39.27,,0.5,4.3,2.94,21.87,,,2.25,,,,1.04,27.84,,,,,100,23_1878,NSRD0798-7,7,NSRD0798,Site 4,Stilp,1
Spectrum 218,39.43,,,3.6,4.23,21.55,,,2.26,,,,,28.93,,,,,100,23_1878,NSRD0798-9,9,NSRD0798,Site 1,Stilp,1
Spectrum 60,38.73,,0.57,3.29,3.04,21.43,,,2.27,,,,0.42,30.25,,,,,100,23_1878,NSRD0798-8,8,NSRD0798,Site 2,Stilp,1
Spectrum 210,40.41,,,3.51,3.06,23.89,,,2.3,,,,,26.84,,,,,100,23_1878,NSRD0798-10,10,NSRD0798,NSRD0798-11,Stilp,1
Spectrum 23,40.3,,0.5,4.41,3.58,22.93,,,2.32,,,,,25.98,,,,,100,23_1878,NSRD0798-7,7,NSRD0798,Site 2,Stilp,1
Spectrum 217,39.71,,,3.51,3.77,22.34,,,2.32,,,,,28.35,,,,,100,23_1878,NSRD0798-9,9,NSRD0798,Site 1,Stilp,1
Spectrum 202,38.15,,0.53,3.35,2.9,20.63,,,2.34,,,,0.47,31.63,,,,,100,23_1878,NSRD0798-10,10,NSRD0798,Site 3,Stilp,1
Spectrum 216,39.88,,,3.31,3.5,22.88,,,2.38,,,,,28.05,,,,,100,23_1878,NSRD0798-9,9,NSRD0798,Site 1,Stilp,1
Spectrum 84,40.38,,,3.07,3.39,23.81,,,2.39,,,,,26.96,,,,,100,23_1878,NSRD0800-12,12,NSRD0800,Site 1,Stilp,1
Spectrum 179,39.31,,,3.65,4.09,21.45,,,2.39,,,,,29.1,,,,,100,23_1878,NSRD0798-10,10,NSRD0798,Site 1,Stilp,1
Spectrum 24,40.36,,,4.64,3.59,22.95,,,2.4,,,,,26.06,,,,,100,23_1878,NSRD0798-7,7,NSRD0798,Site 2,Stilp,1
Spectrum 107,40.73,,,3.15,3.22,24.43,,,2.42,,,,,26.06,,,,,100,23_1878,NSRD0800-12,12,NSRD0800,Site 3,Stilp,1
Spectrum 198,39.67,,0.71,3.62,3.66,22.27,,,2.46,,,,,27.61,,,,,100,23_1878,NSRD0798-10,10,NSRD0798,Site 2,Stilp,1
Spectrum 5,42.15,,0.46,4.14,2.86,22.6,,,2.48,,,,0.45,24.85,,,,,100,23_1878,NSRD0798-7,7,NSRD0798,Site 1,Stilp,1
Spectrum 73,39.55,,,3.51,3.37,22.4,,,2.5,,,,,28.67,,,,,100,23_1878,NSRD0798-8,8,NSRD0798,Site 2,Stilp,1
Spectrum 38,40.12,,0.48,4.57,3.55,22.63,,,2.51,,,,0.49,25.65,,,,,100,23_1878,NSRD0798-7,7,NSRD0798,Site 4,Stilp,1
Spectrum 79,39.68,,,3.37,3.14,22.82,,,2.52,,,,,28.47,,,,,100,23_1878,NSRD0798-8,8,NSRD0798,Site 2,Stilp,1
Spectrum 214,39.83,,,3.26,3.36,22.93,,,2.52,,,,,28.09,,,,,100,23_1878,NSRD0798-9,9,NSRD0798,Site 1,Stilp,1
Spectrum 72,39.52,,,3.31,3.03,22.69,,,2.55,,,,,28.9,,,,,100,23_1878,NSRD0798-8,8,NSRD0798,Site 2,Stilp,1
Spectrum 135,39.66,,,3.27,3.33,22.71,,,2.57,,,,,28.47,,,,,100,23_1878,NSRD0800-12,12,NSRD0800,Site 5,Stilp,1
Spectrum 22,40.34,,,4.3,3.06,23.47,,,2.6,,,,0.4,25.82,,,,,100,23_1878,NSRD0798-7,7,NSRD0798,Site 2,Stilp,1
Spectrum 133,39.58,,,3.2,3.4,22.57,,,2.6,,,,,28.65,,,,,100,23_1878,NSRD0800-12,12,NSRD0800,Site 5,Stilp,1
Spectrum 114,40.18,,,3.38,3.78,22.61,,0.36,2.61,,,,,27.07,,,,,100,23_1878,NSRD0800-12,12,NSRD0800,Site 3,Stilp,1
Spectrum 113,39.53,,,3.41,3.45,22.36,,,2.63,,,,,28.62,,,,,100,23_1878,NSRD0800-12,12,NSRD0800,Site 3,Stilp,1
Spectrum 189,39.98,,,3.22,3.23,23.29,,,2.63,,,,,27.65,,,,,100,23_1878,NSRD0798-10,10,NSRD0798,Site 1,Stilp,1
Spectrum 21,40.04,,0.56,4.21,2.93,23.12,,,2.66,,,,0.69,25.8,,,,,100,23_1878,NSRD0798-7,7,NSRD0798,Site 2,Stilp,1
Spectrum 78,39.73,,,3.31,3.26,22.84,,,2.67,,,,,28.19,,,,,100,23_1878,NSRD0798-8,8,NSRD0798,Site 2,Stilp,1
Spectrum 141,39.54,,0.69,3.08,3.53,22.43,,,2.71,,,,,28.02,,,,,100,23_1878,NSRD0800-12,12,NSRD0800,Site 5,Stilp,1
Spectrum 191,39.52,,0.6,3.24,3.47,22.37,,,2.73,,,,,28.07,,,,,100,23_1878,NSRD0798-10,10,NSRD0798,Site 2,Stilp,1
Spectrum 195,39.65,,0.58,3.25,3.08,22.85,,,2.75,,,,,27.84,,,,,100,23_1878,NSRD0798-10,10,NSRD0798,Site 2,Stilp,1
Spectrum 215,39.76,,,3.22,3.17,23.01,,,2.75,,,,,28.1,,,,,100,23_1878,NSRD0798-9,9,NSRD0798,Site 1,Stilp,1
Spectrum 203,39.86,,,3.44,3.17,23.07,,,2.79,,,,,27.66,,,,,100,23_1878,NSRD0798-10,10,NSRD0798,Site 3,Stilp,1
Spectrum 31,36.67,,,6.2,3.57,16.76,,,2.8,,,,2.73,31.27,,,,,100,23_1878,NSRD0798-7,7,NSRD0798,Site 2,Stilp,1
Spectrum 87,39.62,,,3.26,3.41,22.61,,,2.82,,,,0.31,27.97,,,,,100,23_1878,NSRD0800-12,12,NSRD0800,Site 1,Stilp,1
Spectrum 183,39.67,,0.66,3.15,3.36,22.73,,,2.85,,,,,27.58,,,,,100,23_1878,NSRD0798-10,10,NSRD0798,Site 1,Stilp,1
Spectrum 106,39.96,,0.59,2.9,3.32,23.32,,,3,,,,,26.9,,,,,100,23_1878,NSRD0800-12,12,NSRD0800,Site 3,Stilp,1
Spectrum 33,40.7,,0.57,4.22,4.07,23.37,,,3.29,,,,,23.79,,,,,100,23_1878,NSRD0798-7,7,NSRD0798,Site 2,Stilp,1
Spectrum 231,45.43,,,0.51,9.81,29.02,,,12.85,,,,,2.4,,,,,100,23_1878,NSRD0798-5,5,NSRD0798,Site 1,K-spar,2
Spectrum 144,45.71,,,,9.47,29.95,,,13.43,,,,,1.44,,,,,100,23_1878,NSRD0800-12,12,NSRD0800,Site 5,K-spar,2
Spectrum 151,46.07,,,,9.61,30.41,,,13.56,,,,,0.34,,,,,100,23_1878,NSRD0800-11,11,NSRD0800,Site 1,K-spar,2
Spectrum 127,46.01,,,,9.87,30.15,,,13.57,,,,,0.4,,,,,100,23_1878,NSRD0800-12,12,NSRD0800,Site 4,K-spar,2
Spectrum 171,46.01,,,,9.86,30.15,,,13.57,,,,,0.41,,,,,100,23_1878,NSRD0800-10,10,NSRD0800,Site 2,K-spar,2
Spectrum 221,45.66,,,0.21,9.67,29.66,,,13.6,,,,,1.2,,,,,100,23_1878,NSRD0798-5,5,NSRD0798,Site 1,K-spar,2
Spectrum 159,45.94,,,,9.91,30.02,,,13.68,,,,,0.44,,,,,100,23_1878,NSRD0800-11,11,NSRD0800,Site 2,K-spar,2
Spectrum 143,45.86,,,,9.56,30.14,,,13.75,,,,,0.69,,,,,100,23_1878,NSRD0800-12,12,NSRD0800,Site 5,K-spar,2
Spectrum 235,45.81,,,,9.78,29.92,,,13.85,,,,,0.64,,,,,100,23_1878,NSRD0798-5,5,NSRD0798,Site 1,K-spar,2
Spectrum 162,45.9,,0.24,,10.03,29.89,,,13.94,,,,,,,,,,100,23_1878,NSRD0800-10,10,NSRD0800,Site 1,K-spar,2
Spectrum 11,45.74,,,,9.98,29.7,,,14.02,,,,,0.55,,,,,100,23_1878,NSRD0798-7,7,NSRD0798,Site 1,K-spar,2
Spectrum 163,45.99,,,,9.78,30.21,,,14.02,,,,,,,,,,100,23_1878,NSRD0800-10,10,NSRD0800,Site 1,K-spar,2
Spectrum 157,44.98,,0.29,,10.18,30.46,,,14.08,,,,,,,,,,100,23_1878,NSRD0800-11,11,NSRD0800,Site 2,K-spar,2
Spectrum 37,45.67,,,,9.81,29.72,,,14.11,,,,,0.69,,,,,100,23_1878,NSRD0798-7,7,NSRD0798,Site 4,K-spar,2
Spectrum 224,31.88,,,4.6,7.63,,,,,,1.72,30.8,,23.37,,,,,100,23_1878,NSRD0798-5,5,NSRD0798,Site 1,Chrome core,3
Spectrum 226,29.69,,,2,4.33,,,,,,1.09,33,0.76,29.13,,,,,100,23_1878,NSRD0798-5,5,NSRD0798,Site 1,Chrome core,3
Spectrum 101,30.99,,,3.31,6.36,,,,,,,35.14,,24.2,,,,,100,23_1878,NSRD0800-12,12,NSRD0800,Site 2,Chrome core,3
Spectrum 118,29.85,,,1.67,4.83,,,,,,,35.54,,28.11,,,,,100,23_1878,NSRD0800-12,12,NSRD0800,Site 3,Chrome core,3
Spectrum 65,31.76,,,5.83,6.33,,,,,,,35.57,,20.51,,,,,100,23_1878,NSRD0798-8,8,NSRD0798,Site 2,Chrome core,3
Spectrum 123,30.75,,,4.63,4.7,,,,,,0.34,35.59,,23.98,,,,,100,23_1878,NSRD0800-12,12,NSRD0800,Site 4,Chrome core,3
Spectrum 125,31.51,,,5.86,5.45,,,,,,0.4,35.86,,20.92,,,,,100,23_1878,NSRD0800-12,12,NSRD0800,Site 4,Chrome core,3
Spectrum 98,31.76,,,6.03,5.32,,,,,,,38.6,,18.29,,,,,100,23_1878,NSRD0800-12,12,NSRD0800,Site 2,Chrome core,3
Spectrum 117,32,,,6.64,5.39,,,,,,,38.84,,17.13,,,,,100,23_1878,NSRD0800-12,12,NSRD0800,Site 3,Chrome core,3
Spectrum 212,42.09,1.36,,,,7.53,15.63,,,33.4,,,,,,,,,100,23_1878,NSRD0798-10,10,NSRD0798,NSRD0798-11,Apatite,4
Spectrum 209,40.47,1.66,,,,3.78,16.41,,,37.01,,,,0.68,,,,,100,23_1878,NSRD0798-10,10,NSRD0798,NSRD0798-11,Apatite,4
Spectrum 131,38.79,3.37,,,,,17.7,,,39.3,,,,0.84,,,,,100,23_1878,NSRD0800-12,12,NSRD0800,Site 4,Apatite,4
Spectrum 223,39.79,,0.51,,,0.23,17.67,,,40.44,,,,1.36,,,,,100,23_1878,NSRD0798-5,5,NSRD0798,Site 1,Apatite,4
Spectrum 10,47.98,,0.23,0.73,0.56,41.98,,,0.83,,,,,7.69,,,,,100,23_1878,NSRD0798-7,7,NSRD0798,Site 1,Quartz,5
Spectrum 105,50.23,,,0.31,,42.06,,,0.26,,,,0.41,6.72,,,,,100,23_1878,NSRD0800-12,12,NSRD0800,Site 3,Quartz,5
Spectrum 190,51.75,,,0.39,0.64,43.84,,,,,,,,3.37,,,,,100,23_1878,NSRD0798-10,10,NSRD0798,Site 1,Quartz,5
Spectrum 56,51.95,,,0.25,0.23,44.5,,,,,,,,3.07,,,,,100,23_1878,NSRD0798-7,7,NSRD0798,Site 6,Quartz,5
Spectrum 63,52.14,,,,,45.08,,,0.19,,,,,2.59,,,,,100,23_1878,NSRD0798-8,8,NSRD0798,Site 2,Quartz,5
Spectrum 48,52.56,,,0.18,0.31,45.39,,,,,,,,1.55,,,,,100,23_1878,NSRD0798-7,7,NSRD0798,Site 5,Quartz,5
Spectrum 152,52.78,,,,,45.9,,,,0.93,,,,0.4,,,,,100,23_1878,NSRD0800-11,11,NSRD0800,Site 1,Quartz,5
Spectrum 82,52.74,,,,,45.97,,,,,,,,1.28,,,,,100,23_1878,NSRD0800-12,12,NSRD0800,Site 1,Quartz,5
Spectrum 220,52.85,,,,,46.13,,,,,,,,1.02,,,,,100,23_1878,NSRD0798-9,9,NSRD0798,Site 1,Quartz,5
Spectrum 142,52.9,,,,,46.21,,,,,,,,0.88,,,,,100,23_1878,NSRD0800-12,12,NSRD0800,Site 5,Quartz,5
Spectrum 207,52.9,,,,,46.21,,,,,,,,0.89,,,,,100,23_1878,NSRD0798-10,10,NSRD0798,NSRD0798-11,Quartz,5
Spectrum 47,52.97,,,,,46.32,,,,,,,,0.71,,,,,100,23_1878,NSRD0798-7,7,NSRD0798,Site 5,Quartz,5
Spectrum 196,53.04,,,,,46.41,,,,,,,,0.55,,,,,100,23_1878,NSRD0798-10,10,NSRD0798,Site 2,Quartz,5
Spectrum 160,53.26,,,,,46.74,,,,,,,,,,,,,100,23_1878,NSRD0800-11,11,NSRD0800,Site 2,Quartz,5
Spectrum 213,53.26,,,,,46.74,,,,,,,,,,,,,100,23_1878,NSRD0798-10,10,NSRD0798,NSRD0798-11,Quartz,5
Spectrum 222,53.26,,,,,46.74,,,,,,,,,,,,,100,23_1878,NSRD0798-5,5,NSRD0798,Site 1,Quartz,5
Spectrum 236,53.26,,,,,46.74,,,,,,,,,,,,,100,23_1878,NSRD0798-5,5,NSRD0798,Site 1,Quartz,5
Spectrum 139,28.62,,,,,,,14.88,,,,,,9.48,,,,47.02,100,23_1878,NSRD0800-12,12,NSRD0800,Site 5,Sulfide/sulfate,6
Spectrum 174,31.85,,,,,,,15.79,,,,,,12.44,,,39.91,,100,23_1878,NSRD0800-10,10,NSRD0800,Site 2,Sulfide/sulfate,6
Spectrum 165,31.32,,,,,,,16.18,,,,,,5.8,,,46.69,,100,23_1878,NSRD0800-10,10,NSRD0800,Site 1,Sulfide/sulfate,6
Spectrum 176,31.83,,,,,,,16.64,,,,,,5.35,,,46.18,,100,23_1878,NSRD0800-10,10,NSRD0800,Site 2,Sulfide/sulfate,6
Spectrum 112,40.01,,,,,0.39,,19.19,,,,,,19.53,20.88,,,,100,23_1878,NSRD0800-12,12,NSRD0800,Site 3,Sulfide/sulfate,6
Spectrum 129,40.11,,,,,,,19.54,,0.13,,,,19.66,20.56,,,,100,23_1878,NSRD0800-12,12,NSRD0800,Site 4,Sulfide/sulfate,6
Spectrum 110,47.38,,,,,0.18,,26.56,,,,,,25.88,,,,,100,23_1878,NSRD0800-12,12,NSRD0800,Site 3,Sulfide/sulfate,6
Spectrum 132,47.47,,,,,,,26.79,,,,,,25.74,,,,,100,23_1878,NSRD0800-12,12,NSRD0800,Site 5,Sulfide/sulfate,6
Spectrum 188,47.49,,,,,,,26.81,,,,,,25.7,,,,,100,23_1878,NSRD0798-10,10,NSRD0798,Site 1,Sulfide/sulfate,6
Spectrum 138,47.54,,,,,,,26.86,,,,,,25.6,,,,,100,23_1878,NSRD0800-12,12,NSRD0800,Site 5,Sulfide/sulfate,6
Spectrum 70,47.55,,,,,,,26.87,,,,,,25.58,,,,,100,23_1878,NSRD0798-8,8,NSRD0798,Site 2,Sulfide/sulfate,6
Spectrum 69,47.57,,,,,,,26.89,,,,,,25.54,,,,,100,23_1878,NSRD0798-8,8,NSRD0798,Site 2,Sulfide/sulfate,6
Spectrum 155,47.57,,,,,,,26.89,,,,,,25.55,,,,,100,23_1878,NSRD0800-11,11,NSRD0800,Site 1,Sulfide/sulfate,6
Spectrum 161,47.66,,,,,,,26.99,,,,,,25.35,,,,,100,23_1878,NSRD0800-10,10,NSRD0800,Site 1,Sulfide/sulfate,6
Spectrum 175,47.69,,,,,,,27.02,,,,,,25.29,,,,,100,23_1878,NSRD0800-10,10,NSRD0800,Site 2,Sulfide/sulfate,6
Spectrum 177,47.78,,,,,,,27.11,,,,,,25.11,,,,,100,23_1878,NSRD0800-10,10,NSRD0800,Site 2,Sulfide/sulfate,6
Spectrum 134,37.47,,,5.74,11.43,12.36,,,,,,,,33.01,,,,,100,23_1878,NSRD0800-12,12,NSRD0800,Site 5,Chlorite,7
Spectrum 115,37.56,,,5.91,11.23,12.55,,,,,,,,32.76,,,,,100,23_1878,NSRD0800-12,12,NSRD0800,Site 3,Chlorite,7
Spectrum 97,37.59,,,6.13,11.1,12.6,,,,,,,,32.58,,,,,100,23_1878,NSRD0800-12,12,NSRD0800,Site 2,Chlorite,7
Spectrum 86,37.35,,,6.09,10.59,12.6,,,,,,,,33.37,,,,,100,23_1878,NSRD0800-12,12,NSRD0800,Site 1,Chlorite,7
Spectrum 116,37.66,,,6.18,11.08,12.69,,,,,,,,32.39,,,,,100,23_1878,NSRD0800-12,12,NSRD0800,Site 3,Chlorite,7
Spectrum 145,37.67,,,6.09,11.05,12.71,,,,,,0.27,,32.21,,,,,100,23_1878,NSRD0800-12,12,NSRD0800,Site 5,Chlorite,7
Spectrum 140,37.68,,,5.96,11.2,12.74,,,,,,,,32.43,,,,,100,23_1878,NSRD0800-12,12,NSRD0800,Site 5,Chlorite,7
Spectrum 95,37.6,,,6.17,10.87,12.76,,,,,,,,32.61,,,,,100,23_1878,NSRD0800-12,12,NSRD0800,Site 2,Chlorite,7
Spectrum 148,37.71,,,6.48,10.72,12.77,,,,,,0.58,,31.75,,,,,100,23_1878,NSRD0800-11,11,NSRD0800,Site 1,Chlorite,7
Spectrum 85,37.57,,,6.35,10.64,12.79,,,,,,,,32.65,,,,,100,23_1878,NSRD0800-12,12,NSRD0800,Site 1,Chlorite,7
Spectrum 100,37.63,,,5.86,10.93,12.82,,,,,,0.36,,32.4,,,,,100,23_1878,NSRD0800-12,12,NSRD0800,Site 2,Chlorite,7
Spectrum 83,37.62,,,5.91,10.95,12.84,,,,,,,,32.68,,,,,100,23_1878,NSRD0800-12,12,NSRD0800,Site 1,Chlorite,7
Spectrum 81,37.6,,,6.27,10.69,12.85,,,,,,,,32.59,,,,,100,23_1878,NSRD0800-12,12,NSRD0800,Site 1,Chlorite,7
Spectrum 149,37.81,,,6.66,10.67,12.87,,,,,,0.62,,31.38,,,,,100,23_1878,NSRD0800-11,11,NSRD0800,Site 1,Chlorite,7
Spectrum 128,37.47,,,6.07,10.41,12.87,,,,,,0.3,,32.88,,,,,100,23_1878,NSRD0800-12,12,NSRD0800,Site 4,Chlorite,7
Spectrum 178,37.97,,,6.91,10.76,12.89,,,,,,0.87,,30.59,,,,,100,23_1878,NSRD0800-10,10,NSRD0800,Site 2,Chlorite,7
Spectrum 193,37.47,,,6.3,10.3,12.9,,,,,,,,33.03,,,,,100,23_1878,NSRD0798-10,10,NSRD0798,Site 2,Chlorite,7
Spectrum 92,37.66,,,6.2,10.6,12.97,,,,,,0.26,,32.31,,,,,100,23_1878,NSRD0800-12,12,NSRD0800,Site 2,Chlorite,7
Spectrum 181,37.59,,,5.91,10.67,12.99,,,,,,,,32.85,,,,,100,23_1878,NSRD0798-10,10,NSRD0798,Site 1,Chlorite,7
Spectrum 182,37.58,,,6.24,10.42,13.02,,,,,,,,32.74,,,,,100,23_1878,NSRD0798-10,10,NSRD0798,Site 1,Chlorite,7
Spectrum 194,37.66,,,6.08,10.63,13.05,,,,,,,,32.57,,,,,100,23_1878,NSRD0798-10,10,NSRD0798,Site 2,Chlorite,7
Spectrum 158,37.82,,,6.59,10.44,13.08,,,,,,0.62,,31.44,,,,,100,23_1878,NSRD0800-11,11,NSRD0800,Site 2,Chlorite,7
Spectrum 192,37.69,,,6.08,10.55,13.14,,,,,,,,32.53,,,,,100,23_1878,NSRD0798-10,10,NSRD0798,Site 2,Chlorite,7
Spectrum 88,37.83,,,6.29,10.62,13.23,,,,,,,,32.03,,,,,100,23_1878,NSRD0800-12,12,NSRD0800,Site 1,Chlorite,7
Spectrum 96,37.93,,,6.3,10.71,13.3,,,,,,,,31.76,,,,,100,23_1878,NSRD0800-12,12,NSRD0800,Site 2,Chlorite,7
Spectrum 103,37.9,,,5.83,10.47,13.58,,,,,,0.28,,31.93,,,,,100,23_1878,NSRD0800-12,12,NSRD0800,Site 3,Chlorite,7
Spectrum 173,38.38,,,6.66,9.49,14.65,,,0.59,,,0.49,,29.74,,,,,100,23_1878,NSRD0800-10,10,NSRD0800,Site 2,Chlorite,7
Spectrum 119,38.5,,,5.53,10.12,14.92,,,,,,,,30.94,,,,,100,23_1878,NSRD0800-12,12,NSRD0800,Site 3,Chlorite,7
Spectrum 150,38.63,,0.5,5.9,8.07,16.4,,,1.16,,,0.4,,28.95,,,,,100,23_1878,NSRD0800-11,11,NSRD0800,Site 1,Chlorite,7
Spectrum 172,39.08,,,6.03,8.05,17.17,,,1.2,,,,,28.47,,,,,100,23_1878,NSRD0800-10,10,NSRD0800,Site 2,Chlorite,7
Spectrum 197,40.03,,,4.78,7.9,19.17,,,0.47,,,,,27.64,,,,,100,23_1878,NSRD0798-10,10,NSRD0798,Site 2,Chlorite,7
Map Sum Spectrum,39.5,,,5.4,8.72,17.31,,,0.85,,0.29,0.54,,27.38,,,,,100,23_1878,NSRD0800-11,11,NSRD0800,Site 1,Chlorite,7
Spectrum 154,47.79,,,1.11,2.25,35.9,,,1.16,,1.43,,,10.35,,,,,100,23_1878,NSRD0800-11,11,NSRD0800,Site 1,unidentified - carbonate and magnetite,8
Spectrum 15,49.15,,,8.25,,,,,,25.42,,,4.08,13.11,,,,,100,23_1878,NSRD0798-7,7,NSRD0798,Site 1,unidentified - carbonate and magnetite,8
Spectrum 17,48.37,,,7.58,,,,,,25.71,,,4.15,14.19,,,,,100,23_1878,NSRD0798-7,7,NSRD0798,Site 1,unidentified - carbonate and magnetite,8
Spectrum 16,47.06,,,5.63,,,,,,26.17,,,4.59,16.56,,,,,100,23_1878,NSRD0798-7,7,NSRD0798,Site 1,unidentified - carbonate and magnetite,8
Spectrum 45,28.75,,,11.53,,,,,,35.64,,,6.37,17.7,,,,,100,23_1878,NSRD0798-7,7,NSRD0798,Site 5,unidentified - carbonate and magnetite,8
Spectrum 27,28.76,,,11.66,,,,,,35.38,,,6.18,18.03,,,,,100,23_1878,NSRD0798-7,7,NSRD0798,Site 2,unidentified - carbonate and magnetite,8
Spectrum 46,29.7,,,7.11,,3.77,,,,32.65,,,5.77,20.99,,,,,100,23_1878,NSRD0798-7,7,NSRD0798,Site 5,unidentified - carbonate and magnetite,8
Spectrum 153,28.76,,,9.36,,1.22,,,0.56,34.24,,,4.69,21.17,,,,,100,23_1878,NSRD0800-11,11,NSRD0800,Site 1,unidentified - carbonate and magnetite,8
Spectrum 206,31.43,,,6.84,,6.64,,,,31.75,,,1.83,21.51,,,,,100,23_1878,NSRD0798-10,10,NSRD0798,NSRD0798-11,unidentified - carbonate and magnetite,8
Spectrum 49,28.11,,,9.8,,,,,,34.1,,,6.44,21.55,,,,,100,23_1878,NSRD0798-7,7,NSRD0798,Site 5,unidentified - carbonate and magnetite,8
Spectrum 28,27.73,,,8.32,,,,,,34.66,,,6.31,22.98,,,,,100,23_1878,NSRD0798-7,7,NSRD0798,Site 2,unidentified - carbonate and magnetite,8
Spectrum 42,27.82,,,8.69,,,,,,34.49,,,5.95,23.05,,,,,100,23_1878,NSRD0798-7,7,NSRD0798,Site 5,unidentified - carbonate and magnetite,8
Spectrum 137,35.13,,,,,1.99,,,,,38.93,,,23.96,,,,,100,23_1878,NSRD0800-12,12,NSRD0800,Site 5,unidentified - carbonate and magnetite,8
Spectrum 211,27.99,,,9.21,,,,,,34.87,,,1.87,26.06,,,,,100,23_1878,NSRD0798-10,10,NSRD0798,NSRD0798-11,unidentified - carbonate and magnetite,8
Spectrum 166,34.25,,,,0.37,2.09,,0.81,1.07,,32.8,,0.32,28.27,,,,,100,23_1878,NSRD0800-10,10,NSRD0800,Site 1,unidentified - carbonate and magnetite,8
Spectrum 169,32.4,,,,0.46,1.63,,0.64,1.27,,28.03,,0.63,34.94,,,,,100,23_1878,NSRD0800-10,10,NSRD0800,Site 2,unidentified - carbonate and magnetite,8
Spectrum 156,31.68,,,,,0.57,,,0.2,,30.48,,0.81,36.26,,,,,100,23_1878,NSRD0800-11,11,NSRD0800,Site 2,unidentified - carbonate and magnetite,8
Spectrum 80,31.45,,,,,0.2,,,,,30.5,,0.59,37.26,,,,,100,23_1878,NSRD0798-8,8,NSRD0798,Site 2,unidentified - carbonate and magnetite,8
Spectrum 111,31.42,,,,,0.26,,,,,30.25,,0.68,37.39,,,,,100,23_1878,NSRD0800-12,12,NSRD0800,Site 3,unidentified - carbonate and magnetite,8
Spectrum 18,39.44,,,7.56,0.84,5.93,,,0.6,,,,6.85,38.78,,,,,100,23_1878,NSRD0798-7,7,NSRD0798,Site 1,unidentified - carbonate and magnetite,8
Spectrum 12,38.89,,,9.47,,,,,,0.31,,,8.85,42.47,,,,,100,23_1878,NSRD0798-7,7,NSRD0798,Site 1,unidentified - carbonate and magnetite,8
Spectrum 75,27.56,,,,4.61,0.22,,,,,1.16,19.98,,43.95,,2.53,,,100,23_1878,NSRD0798-8,8,NSRD0798,Site 2,unidentified - carbonate and magnetite,8
Spectrum 6,37.67,,,7.93,,,,,,0.48,,,8.91,45.01,,,,,100,23_1878,NSRD0798-7,7,NSRD0798,Site 1,unidentified - carbonate and magnetite,8
Spectrum 9,36.9,,,4.11,,,,,,1.46,,,8.31,49.22,,,,,100,23_1878,NSRD0798-7,7,NSRD0798,Site 1,unidentified - carbonate and magnetite,8
Spectrum 13,37.24,,,4.07,,0.38,,,,1.71,,,7.36,49.24,,,,,100,23_1878,NSRD0798-7,7,NSRD0798,Site 1,unidentified - carbonate and magnetite,8
Spectrum 2,37.23,,,3.93,,,,,,1.48,,,7.99,49.37,,,,,100,23_1878,NSRD0798-7,7,NSRD0798,Site 1,unidentified - carbonate and magnetite,8
Spectrum 1,37.6,,,3.78,,,,,,1.58,,,7.48,49.57,,,,,100,23_1878,NSRD0798-7,7,NSRD0798,Site 1,unidentified - carbonate and magnetite,8
Spectrum 20,25.75,,,11.8,,,,,,0.43,,,10.87,51.14,,,,,100,23_1878,NSRD0798-7,7,NSRD0798,Site 1,unidentified - carbonate and magnetite,8
Spectrum 34,25.58,,,11.3,,,,,,,,,11.59,51.54,,,,,100,23_1878,NSRD0798-7,7,NSRD0798,Site 4,unidentified - carbonate and magnetite,8
Spectrum 229,25.82,,,12.06,,,,,,0.43,,,9.96,51.73,,,,,100,23_1878,NSRD0798-5,5,NSRD0798,Site 1,unidentified - carbonate and magnetite,8
Spectrum 53,25.67,,,11.63,,,,,,,,,10.45,52.25,,,,,100,23_1878,NSRD0798-7,7,NSRD0798,Site 6,unidentified - carbonate and magnetite,8
Spectrum 52,25.34,,,10.28,,,,,,0.77,,,10.07,53.54,,,,,100,23_1878,NSRD0798-7,7,NSRD0798,Site 5,unidentified - carbonate and magnetite,8
Spectrum 237,25.18,,,9.71,,,,,,0.74,,,10.49,53.88,,,,,100,23_1878,NSRD0798-5,5,NSRD0798,Site 1,unidentified - carbonate and magnetite,8
Spectrum 50,25.36,,,10.38,,,,,,0.68,,,9.69,53.89,,,,,100,23_1878,NSRD0798-7,7,NSRD0798,Site 5,unidentified - carbonate and magnetite,8
Spectrum 180,28.39,,,8.01,2.86,3.66,,,,0.35,,,2.29,54.44,,,,,100,23_1878,NSRD0798-10,10,NSRD0798,Site 1,unidentified - carbonate and magnetite,8
Spectrum 199,27.77,,,8.49,,4.55,,,,0.33,,,2.18,56.68,,,,,100,23_1878,NSRD0798-10,10,NSRD0798,Site 2,unidentified - carbonate and magnetite,8
Spectrum 54,25.36,,,6.94,,1.54,,,,0.44,,,8.04,57.69,,,,,100,23_1878,NSRD0798-7,7,NSRD0798,Site 6,unidentified - carbonate and magnetite,8
Spectrum 30,24.48,,,7.41,,,,,,0.48,,,7.85,59.77,,,,,100,23_1878,NSRD0798-7,7,NSRD0798,Site 2,unidentified - carbonate and magnetite,8
Spectrum 35,24.47,,,7.33,,,,,,0.66,,,7.68,59.86,,,,,100,23_1878,NSRD0798-7,7,NSRD0798,Site 4,unidentified - carbonate and magnetite,8
Spectrum 104,26.13,,,5.85,,3.23,,,0.5,0.53,,,3.56,60.2,,,,,100,23_1878,NSRD0800-12,12,NSRD0800,Site 3,unidentified - carbonate and magnetite,8
Spectrum 29,23.62,,,4.2,,,,,,1.16,,,10.01,61.02,,,,,100,23_1878,NSRD0798-7,7,NSRD0798,Site 2,unidentified - carbonate and magnetite,8
Spectrum 93,25.05,,,9,,,,,,2.02,,,1.49,62.43,,,,,100,23_1878,NSRD0800-12,12,NSRD0800,Site 2,unidentified - carbonate and magnetite,8
Spectrum 89,24.82,,,8.69,,,,,,0.31,,,3.58,62.61,,,,,100,23_1878,NSRD0800-12,12,NSRD0800,Site 1,unidentified - carbonate and magnetite,8
Spectrum 36,23.33,,,3.55,,,,,,,,,10.49,62.63,,,,,100,23_1878,NSRD0798-7,7,NSRD0798,Site 4,unidentified - carbonate and magnetite,8
Spectrum 146,24.97,,,9.23,,,,,,0.3,,,2.8,62.7,,,,,100,23_1878,NSRD0800-12,12,NSRD0800,Site 5,unidentified - carbonate and magnetite,8
Spectrum 201,24.92,,,9.17,,,,,,,,,2.34,63.57,,,,,100,23_1878,NSRD0798-10,10,NSRD0798,Site 3,unidentified - carbonate and magnetite,8
Spectrum 57,25.17,,,5.1,0.6,1.62,,,,0.77,,,2.76,63.98,,,,,100,23_1878,NSRD0798-8,8,NSRD0798,Site 1,unidentified - carbonate and magnetite,8
Spectrum 77,24.42,,,5.69,,0.57,,,,1.42,,,3,64.92,,,,,100,23_1878,NSRD0798-8,8,NSRD0798,Site 2,unidentified - carbonate and magnetite,8
Spectrum 204,24.17,,,4.88,,0.59,,,,1.01,,,2.97,66.39,,,,,100,23_1878,NSRD0798-10,10,NSRD0798,Site 3,unidentified - carbonate and magnetite,8
Spectrum 76,23.89,,,4.77,,,,,,2.73,,,1.11,67.5,,,,,100,23_1878,NSRD0798-8,8,NSRD0798,Site 2,unidentified - carbonate and magnetite,8
Spectrum 61,23.77,,,4.47,,,,,,2.35,,,1.52,67.89,,,,,100,23_1878,NSRD0798-8,8,NSRD0798,Site 2,unidentified - carbonate and magnetite,8
Spectrum 232,23.8,,,1.2,0.99,1,,,,0.61,,,1.79,70.62,,,,,100,23_1878,NSRD0798-5,5,NSRD0798,Site 1,unidentified - carbonate and magnetite,8
Spectrum 94,23.37,,,3.69,,,,,,0.35,,,1.74,70.84,,,,,100,23_1878,NSRD0800-12,12,NSRD0800,Site 2,unidentified - carbonate and magnetite,8
Spectrum 230,22.28,,,,,,,,,,,,3.86,73.86,,,,,100,23_1878,NSRD0798-5,5,NSRD0798,Site 1,unidentified - carbonate and magnetite,8
Spectrum 136,22.57,,,1.01,,,,,,,,,1.89,74.53,,,,,100,23_1878,NSRD0800-12,12,NSRD0800,Site 5,unidentified - carbonate and magnetite,8
Spectrum 233,22.62,,,1.22,,,,,,,,,1.19,74.97,,,,,100,23_1878,NSRD0798-5,5,NSRD0798,Site 1,unidentified - carbonate and magnetite,8
Spectrum 121,22.31,,,,,,,,,0.4,,,2.25,75.03,,,,,100,23_1878,NSRD0800-12,12,NSRD0800,Site 4,unidentified - carbonate and magnetite,8
Spectrum 122,22.31,,,,,,,,,0.37,,,2.27,75.05,,,,,100,23_1878,NSRD0800-12,12,NSRD0800,Site 4,unidentified - carbonate and magnetite,8
Spectrum 90,22.28,,,,,,,,,,,,2.59,75.13,,,,,100,23_1878,NSRD0800-12,12,NSRD0800,Site 1,unidentified - carbonate and magnetite,8
Spectrum 200,23.06,,,,,1.14,,,,,,0.28,,75.52,,,,,100,23_1878,NSRD0798-10,10,NSRD0798,Site 2,unidentified - carbonate and magnetite,8
Spectrum 109,22.83,,,,,0.7,,,,,,0.71,,75.76,,,,,100,23_1878,NSRD0800-12,12,NSRD0800,Site 3,unidentified - carbonate and magnetite,8
Spectrum 124,22.64,,,,,0.3,,,,,,1.24,,75.82,,,,,100,23_1878,NSRD0800-12,12,NSRD0800,Site 4,unidentified - carbonate and magnetite,8
Spectrum 71,22.28,,,,,,,,,,,,1.79,75.94,,,,,100,23_1878,NSRD0798-8,8,NSRD0798,Site 2,unidentified - carbonate and magnetite,8
Spectrum 228,22.27,,,,,,,,,,,,1.62,76.11,,,,,100,23_1878,NSRD0798-5,5,NSRD0798,Site 1,unidentified - carbonate and magnetite,8
Spectrum 130,22.27,,,,,,,,,,,,1.24,76.48,,,,,100,23_1878,NSRD0800-12,12,NSRD0800,Site 4,unidentified - carbonate and magnetite,8
Spectrum 187,22.76,,,,,0.74,,,,,,,,76.49,,,,,100,23_1878,NSRD0798-10,10,NSRD0798,Site 1,unidentified - carbonate and magnetite,8
Spectrum 219,22.72,,,,,0.68,,,,,,,,76.59,,,,,100,23_1878,NSRD0798-9,9,NSRD0798,Site 1,unidentified - carbonate and magnetite,8
Spectrum 99,22.4,,,,,,,,,,,0.95,,76.65,,,,,100,23_1878,NSRD0800-12,12,NSRD0800,Site 2,unidentified - carbonate and magnetite,8
Spectrum 205,22.59,,,,,0.42,,,,,,0.28,,76.7,,,,,100,23_1878,NSRD0798-10,10,NSRD0798,Site 3,unidentified - carbonate and magnetite,8
Spectrum 126,22.37,,,,,,,,,,,0.75,,76.88,,,,,100,23_1878,NSRD0800-12,12,NSRD0800,Site 4,unidentified - carbonate and magnetite,8
Spectrum 102,22.37,,,,,,,,,,,0.73,,76.9,,,,,100,23_1878,NSRD0800-12,12,NSRD0800,Site 2,unidentified - carbonate and magnetite,8
Spectrum 227,22.51,,,,,0.3,,,,,,0.28,,76.91,,,,,100,23_1878,NSRD0798-5,5,NSRD0798,Site 1,unidentified - carbonate and magnetite,8
Spectrum 108,22.36,,,,,,,,,,,0.65,,76.99,,,,,100,23_1878,NSRD0800-12,12,NSRD0800,Site 3,unidentified - carbonate and magnetite,8
Spectrum 66,22.55,,,,,0.43,,,,,,,,77.01,,,,,100,23_1878,NSRD0798-8,8,NSRD0798,Site 2,unidentified - carbonate and magnetite,8
Spectrum 32,22.54,,,,,0.41,,,,,,,,77.05,,,,,100,23_1878,NSRD0798-7,7,NSRD0798,Site 2,unidentified - carbonate and magnetite,8
Spectrum 147,22.27,,,,,,,,,,,,0.64,77.09,,,,,100,23_1878,NSRD0800-12,12,NSRD0800,Site 5,unidentified - carbonate and magnetite,8
Spectrum 225,22.44,,,,,0.26,,,,,,,,77.3,,,,,100,23_1878,NSRD0798-5,5,NSRD0798,Site 1,unidentified - carbonate and magnetite,8
Spectrum 91,22.32,,,,,,,,,,,0.35,,77.34,,,,,100,23_1878,NSRD0800-12,12,NSRD0800,Site 1,unidentified - carbonate and magnetite,8
Spectrum 74,22.27,,,,,,,,,,,,,77.73,,,,,100,23_1878,NSRD0798-8,8,NSRD0798,Site 2,unidentified - carbonate and magnetite,8
